date,id_listeners,id_artist,minutes
01/06/2026,1,12,18
01/06/2026,2,32,8
01/06/2026,3,46,17
01/06/2026,3,27,10
01/06/2026,1,14,14
01/06/2026,1,14,11
01/06/2026,1,9,15
01/06/2026,2,32,10
01/06/2026,3,52,16
01/06/2026,3,20,13
01/06/2026,3,25,16
01/06/2026,3,27,11
01/06/2026,1,13,8
01/06/2026,1,9,15
01/06/2026,2,33,5
01/06/2026,3,54,5
01/06/2026,3,44,18
01/06/2026,3,46,10
02/06/2026,1,14,18
02/06/2026,1,9,7
02/06/2026,1,18,9
02/06/2026,1,8,7
02/06/2026,1,16,10
02/06/2026,2,34,14
02/06/2026,3,41,12
02/06/2026,3,45,17
02/06/2026,1,19,12
02/06/2026,1,10,8
02/06/2026,1,16,11
02/06/2026,1,8,12
02/06/2026,2,33,11
02/06/2026,3,43,19
02/06/2026,1,12,6
02/06/2026,2,29,9
02/06/2026,2,32,6
02/06/2026,2,37,16
02/06/2026,2,25,12
02/06/2026,3,43,6
02/06/2026,3,25,12
03/06/2026,1,21,18
03/06/2026,1,13,14
03/06/2026,2,25,6
03/06/2026,3,22,12
03/06/2026,3,50,9
03/06/2026,3,42,17
03/06/2026,3,40,19
03/06/2026,1,1,10
03/06/2026,2,32,11
03/06/2026,2,20,9
03/06/2026,2,37,10
03/06/2026,2,28,7
03/06/2026,3,55,19
03/06/2026,1,16,13
03/06/2026,2,34,6
03/06/2026,2,28,19
03/06/2026,2,32,7
03/06/2026,3,39,8
03/06/2026,3,39,20
04/06/2026,1,14,9
04/06/2026,1,4,7
04/06/2026,1,11,13
04/06/2026,1,1,13
04/06/2026,1,1,6
04/06/2026,2,37,20
04/06/2026,3,22,7
04/06/2026,3,49,9
04/06/2026,1,5,12
04/06/2026,1,10,15
04/06/2026,2,35,14
04/06/2026,3,53,10
04/06/2026,3,39,19
04/06/2026,3,30,20
04/06/2026,3,46,19
04/06/2026,3,40,8
04/06/2026,1,9,16
04/06/2026,1,2,9
04/06/2026,1,1,10
04/06/2026,1,7,6
04/06/2026,2,24,20
04/06/2026,2,35,8
04/06/2026,3,45,7
04/06/2026,3,30,10
04/06/2026,3,41,11
04/06/2026,3,48,11
05/06/2026,1,17,9
05/06/2026,1,10,15
05/06/2026,1,1,19
05/06/2026,1,3,8
05/06/2026,1,17,17
05/06/2026,2,37,16
05/06/2026,2,28,16
05/06/2026,2,27,18
05/06/2026,2,30,7
05/06/2026,2,23,12
05/06/2026,3,47,8
05/06/2026,3,30,15
05/06/2026,1,21,20
05/06/2026,1,16,19
05/06/2026,1,12,12
05/06/2026,2,27,11
05/06/2026,2,26,8
05/06/2026,3,27,9
05/06/2026,3,45,12
05/06/2026,3,44,13
05/06/2026,3,42,18
05/06/2026,1,9,8
05/06/2026,1,8,13
05/06/2026,1,17,12
05/06/2026,1,14,15
05/06/2026,2,29,8
05/06/2026,3,42,10
05/06/2026,3,20,20
05/06/2026,3,50,7
05/06/2026,3,52,10
05/06/2026,3,42,6
06/06/2026,1,19,19
06/06/2026,2,37,11
06/06/2026,3,41,8
06/06/2026,3,41,14
06/06/2026,3,40,7
06/06/2026,3,44,15
06/06/2026,3,40,5
06/06/2026,1,12,5
06/06/2026,1,12,9
06/06/2026,1,18,16
06/06/2026,2,35,9
06/06/2026,2,20,7
06/06/2026,3,43,13
06/06/2026,3,50,14
06/06/2026,3,25,6
06/06/2026,3,51,8
06/06/2026,3,50,18
06/06/2026,1,6,13
06/06/2026,1,18,18
06/06/2026,2,34,10
06/06/2026,2,29,10
06/06/2026,2,20,5
06/06/2026,2,25,19
06/06/2026,3,25,11
06/06/2026,3,42,17
07/06/2026,1,2,19
07/06/2026,1,16,19
07/06/2026,1,1,10
07/06/2026,2,23,16
07/06/2026,2,39,10
07/06/2026,2,26,14
07/06/2026,2,27,16
07/06/2026,3,55,18
07/06/2026,3,44,13
07/06/2026,3,50,13
07/06/2026,3,42,11
07/06/2026,1,3,8
07/06/2026,1,7,20
07/06/2026,1,18,6
07/06/2026,2,30,9
07/06/2026,2,34,9
07/06/2026,2,20,8
07/06/2026,2,39,5
07/06/2026,2,33,20
07/06/2026,3,27,15
07/06/2026,3,42,5
07/06/2026,1,6,11
07/06/2026,1,7,19
07/06/2026,1,1,10
07/06/2026,1,17,6
07/06/2026,1,3,20
07/06/2026,2,25,12
07/06/2026,3,27,10
07/06/2026,3,50,18
07/06/2026,3,50,15
07/06/2026,3,46,13
08/06/2026,1,2,11
08/06/2026,2,35,7
08/06/2026,2,38,5
08/06/2026,2,27,7
08/06/2026,3,44,7
08/06/2026,1,1,16
08/06/2026,2,30,5
08/06/2026,2,32,7
08/06/2026,3,48,19
08/06/2026,3,27,10
08/06/2026,3,27,16
08/06/2026,3,40,13
08/06/2026,1,1,17
08/06/2026,1,3,18
08/06/2026,1,6,6
08/06/2026,1,1,17
08/06/2026,1,2,10
08/06/2026,2,38,16
08/06/2026,2,29,7
08/06/2026,2,29,18
08/06/2026,2,30,12
08/06/2026,2,25,11
08/06/2026,3,48,20
08/06/2026,3,47,20
08/06/2026,3,23,10
09/06/2026,1,14,8
09/06/2026,1,7,8
09/06/2026,2,20,11
09/06/2026,2,38,20
09/06/2026,2,36,11
09/06/2026,2,36,7
09/06/2026,2,29,12
09/06/2026,3,39,5
09/06/2026,3,54,18
09/06/2026,3,52,7
09/06/2026,1,13,13
09/06/2026,1,2,8
09/06/2026,1,7,12
09/06/2026,2,20,12
09/06/2026,2,39,12
09/06/2026,2,20,13
09/06/2026,2,37,9
09/06/2026,3,25,18
09/06/2026,1,38,9
09/06/2026,2,25,20
09/06/2026,2,32,15
09/06/2026,2,31,8
09/06/2026,2,38,11
09/06/2026,3,45,16
09/06/2026,3,50,15
09/06/2026,3,42,17
10/06/2026,1,12,11
10/06/2026,2,35,15
10/06/2026,2,28,6
10/06/2026,3,52,14
10/06/2026,3,46,11
10/06/2026,3,49,13
10/06/2026,3,49,9
10/06/2026,3,27,18
10/06/2026,1,3,6
10/06/2026,1,18,11
10/06/2026,2,32,12
10/06/2026,2,27,12
10/06/2026,2,24,20
10/06/2026,2,31,13
10/06/2026,2,34,5
10/06/2026,3,41,12
10/06/2026,3,27,10
10/06/2026,1,1,8
10/06/2026,1,11,9
10/06/2026,2,25,6
10/06/2026,2,33,10
10/06/2026,3,22,6
10/06/2026,3,46,8
10/06/2026,3,25,13
11/06/2026,1,16,5
11/06/2026,1,17,11
11/06/2026,2,30,12
11/06/2026,2,35,6
11/06/2026,2,29,18
11/06/2026,2,34,14
11/06/2026,3,39,5
11/06/2026,3,43,16
11/06/2026,3,30,13
11/06/2026,3,27,9
11/06/2026,3,30,14
11/06/2026,1,19,12
11/06/2026,1,13,5
11/06/2026,1,21,16
11/06/2026,1,21,9
11/06/2026,1,21,7
11/06/2026,2,26,11
11/06/2026,2,39,10
11/06/2026,2,22,11
11/06/2026,2,26,6
11/06/2026,2,29,14
11/06/2026,3,22,15
11/06/2026,3,27,9
11/06/2026,3,42,6
11/06/2026,1,4,11
11/06/2026,1,11,14
11/06/2026,2,26,19
11/06/2026,2,24,16
11/06/2026,2,24,20
11/06/2026,3,54,5
11/06/2026,3,49,17
12/06/2026,1,10,5
12/06/2026,1,38,18
12/06/2026,2,37,12
12/06/2026,2,25,11
12/06/2026,2,30,20
12/06/2026,2,20,9
12/06/2026,2,24,18
12/06/2026,3,53,5
12/06/2026,3,23,18
12/06/2026,3,22,19
12/06/2026,1,11,6
12/06/2026,2,26,5
12/06/2026,2,34,20
12/06/2026,3,43,18
12/06/2026,3,54,19
12/06/2026,1,19,18
12/06/2026,1,9,19
12/06/2026,2,37,15
12/06/2026,2,28,14
12/06/2026,2,34,7
12/06/2026,2,38,12
12/06/2026,2,30,19
12/06/2026,3,47,19
12/06/2026,3,22,10
12/06/2026,3,51,14
12/06/2026,3,46,10
13/06/2026,1,7,10
13/06/2026,2,26,20
13/06/2026,2,27,15
13/06/2026,2,25,12
13/06/2026,3,27,19
13/06/2026,3,42,17
13/06/2026,1,38,18
13/06/2026,1,10,6
13/06/2026,1,7,9
13/06/2026,1,1,5
13/06/2026,1,10,14
13/06/2026,2,29,5
13/06/2026,2,26,11
13/06/2026,2,35,17
13/06/2026,2,29,6
13/06/2026,2,36,10
13/06/2026,3,45,13
13/06/2026,3,52,18
13/06/2026,1,5,7
13/06/2026,2,35,19
13/06/2026,3,45,16
14/06/2026,1,38,13
14/06/2026,1,1,5
14/06/2026,2,26,16
14/06/2026,2,23,18
14/06/2026,2,26,7
14/06/2026,2,32,5
14/06/2026,2,24,20
14/06/2026,3,20,5
14/06/2026,1,11,10
14/06/2026,1,5,7
14/06/2026,1,16,15
14/06/2026,2,38,7
14/06/2026,2,36,8
14/06/2026,2,25,16
14/06/2026,3,44,7
14/06/2026,3,25,12
14/06/2026,1,5,8
14/06/2026,1,14,19
14/06/2026,1,21,19
14/06/2026,2,24,10
14/06/2026,3,22,13
14/06/2026,3,53,9
14/06/2026,3,27,12
14/06/2026,3,45,14
15/06/2026,1,16,16
15/06/2026,1,16,13
15/06/2026,2,33,12
15/06/2026,2,22,16
15/06/2026,2,22,12
15/06/2026,2,29,11
15/06/2026,3,25,9
15/06/2026,3,47,16
15/06/2026,3,23,12
15/06/2026,3,52,20
15/06/2026,1,15,12
15/06/2026,1,9,10
15/06/2026,1,19,15
15/06/2026,2,28,19
15/06/2026,2,25,7
15/06/2026,3,42,11
15/06/2026,3,46,7
15/06/2026,3,55,18
15/06/2026,3,43,18
15/06/2026,3,53,9
15/06/2026,1,17,7
15/06/2026,1,18,18
15/06/2026,1,4,13
15/06/2026,2,26,9
15/06/2026,3,53,16
15/06/2026,3,46,20
16/06/2026,1,16,11
16/06/2026,2,33,13
16/06/2026,2,24,5
16/06/2026,2,26,13
16/06/2026,2,20,9
16/06/2026,2,20,6
16/06/2026,3,54,6
16/06/2026,1,19,11
16/06/2026,1,6,5
16/06/2026,1,21,7
16/06/2026,1,15,6
16/06/2026,1,13,13
16/06/2026,2,33,17
16/06/2026,2,38,9
16/06/2026,2,38,14
16/06/2026,2,32,8
16/06/2026,3,46,15
16/06/2026,3,43,19
16/06/2026,3,41,18
16/06/2026,3,54,13
16/06/2026,1,6,14
16/06/2026,2,39,9
16/06/2026,2,37,19
16/06/2026,2,24,20
16/06/2026,2,35,7
16/06/2026,3,42,10
16/06/2026,3,20,8
16/06/2026,3,23,10
16/06/2026,3,53,16
16/06/2026,3,40,8
17/06/2026,1,16,7
17/06/2026,1,15,6
17/06/2026,1,2,13
17/06/2026,2,29,10
17/06/2026,2,36,7
17/06/2026,3,23,17
17/06/2026,1,16,8
17/06/2026,1,19,9
17/06/2026,1,6,12
17/06/2026,1,21,14
17/06/2026,1,17,9
17/06/2026,2,22,5
17/06/2026,2,37,8
17/06/2026,3,22,20
17/06/2026,1,11,7
17/06/2026,1,5,8
17/06/2026,1,3,13
17/06/2026,1,5,8
17/06/2026,2,35,14
17/06/2026,2,25,19
17/06/2026,2,38,14
17/06/2026,3,39,10
18/06/2026,1,4,20
18/06/2026,1,12,8
18/06/2026,2,22,6
18/06/2026,2,36,9
18/06/2026,2,24,18
18/06/2026,2,24,17
18/06/2026,3,25,14
18/06/2026,3,20,14
18/06/2026,3,46,7
18/06/2026,3,41,11
18/06/2026,1,9,8
18/06/2026,1,12,9
18/06/2026,2,38,10
18/06/2026,2,20,17
18/06/2026,2,37,7
18/06/2026,3,50,15
18/06/2026,3,50,18
18/06/2026,1,18,14
18/06/2026,2,25,15
18/06/2026,2,32,11
18/06/2026,3,27,20
18/06/2026,3,20,20
19/06/2026,1,19,12
19/06/2026,2,22,19
19/06/2026,2,28,5
19/06/2026,2,34,20
19/06/2026,3,49,8
19/06/2026,3,40,5
19/06/2026,3,52,6
19/06/2026,1,15,16
19/06/2026,1,13,16
19/06/2026,1,4,14
19/06/2026,1,17,14
19/06/2026,1,18,8
19/06/2026,2,31,19
19/06/2026,2,33,18
19/06/2026,2,30,6
19/06/2026,3,48,12
19/06/2026,3,46,18
19/06/2026,3,51,17
19/06/2026,3,40,14
19/06/2026,1,3,7
19/06/2026,1,21,13
19/06/2026,1,17,17
19/06/2026,1,9,6
19/06/2026,1,19,13
19/06/2026,2,32,11
19/06/2026,2,26,6
19/06/2026,2,24,8
19/06/2026,3,54,17
19/06/2026,3,23,18
20/06/2026,1,3,11
20/06/2026,1,3,19
20/06/2026,1,6,18
20/06/2026,1,2,9
20/06/2026,2,20,14
20/06/2026,2,30,12
20/06/2026,2,31,9
20/06/2026,2,24,18
20/06/2026,3,20,17
20/06/2026,3,25,13
20/06/2026,3,55,7
20/06/2026,3,51,17
20/06/2026,1,5,10
20/06/2026,2,32,9
20/06/2026,2,36,9
20/06/2026,3,43,11
20/06/2026,3,44,12
20/06/2026,3,30,14
20/06/2026,3,55,16
20/06/2026,3,46,19
20/06/2026,1,21,10
20/06/2026,1,8,11
20/06/2026,1,16,9
20/06/2026,1,10,6
20/06/2026,1,3,8
20/06/2026,2,36,9
20/06/2026,2,36,16
20/06/2026,2,25,16
20/06/2026,2,30,15
20/06/2026,3,47,8
20/06/2026,3,41,19
20/06/2026,3,49,8
20/06/2026,3,45,16
21/06/2026,1,5,19
21/06/2026,1,18,5
21/06/2026,1,18,10
21/06/2026,2,35,14
21/06/2026,2,23,18
21/06/2026,3,30,10
21/06/2026,3,54,19
21/06/2026,3,46,16
21/06/2026,3,23,16
21/06/2026,1,16,9
21/06/2026,1,14,11
21/06/2026,1,14,20
21/06/2026,2,29,16
21/06/2026,2,24,7
21/06/2026,3,49,10
21/06/2026,3,50,11
21/06/2026,1,17,12
21/06/2026,1,21,10
21/06/2026,1,5,19
21/06/2026,2,22,17
21/06/2026,3,43,13
22/06/2026,1,7,15
22/06/2026,1,5,14
22/06/2026,2,38,14
22/06/2026,2,30,13
22/06/2026,2,30,7
22/06/2026,3,52,13
22/06/2026,3,45,12
22/06/2026,3,20,11
22/06/2026,3,44,14
22/06/2026,3,46,16
22/06/2026,1,3,16
22/06/2026,1,10,15
22/06/2026,2,33,13
22/06/2026,2,28,13
22/06/2026,2,34,10
22/06/2026,2,24,15
22/06/2026,2,24,13
22/06/2026,3,22,18
22/06/2026,3,39,17
22/06/2026,3,48,20
22/06/2026,1,8,15
22/06/2026,2,32,9
22/06/2026,3,39,7
22/06/2026,3,49,8
22/06/2026,3,52,14
23/06/2026,1,3,7
23/06/2026,1,6,15
23/06/2026,1,15,19
23/06/2026,1,38,19
23/06/2026,2,32,15
23/06/2026,2,20,18
23/06/2026,3,49,19
23/06/2026,3,51,15
23/06/2026,1,7,13
23/06/2026,2,23,6
23/06/2026,2,24,11
23/06/2026,2,25,7
23/06/2026,2,28,19
23/06/2026,3,23,18
23/06/2026,3,45,6
23/06/2026,1,21,12
23/06/2026,1,10,15
23/06/2026,1,4,16
23/06/2026,1,19,11
23/06/2026,2,30,14
23/06/2026,2,39,10
23/06/2026,3,42,17
23/06/2026,3,40,5
24/06/2026,1,15,15
24/06/2026,1,2,16
24/06/2026,1,11,10
24/06/2026,1,38,13
24/06/2026,2,26,9
24/06/2026,2,24,6
24/06/2026,2,25,17
24/06/2026,2,23,10
24/06/2026,2,23,9
24/06/2026,3,55,17
24/06/2026,3,51,5
24/06/2026,1,2,18
24/06/2026,1,19,9
24/06/2026,1,5,14
24/06/2026,1,15,5
24/06/2026,1,2,9
24/06/2026,2,20,5
24/06/2026,3,25,10
24/06/2026,3,52,12
24/06/2026,3,46,17
24/06/2026,3,51,8
24/06/2026,1,9,10
24/06/2026,1,11,6
24/06/2026,1,1,16
24/06/2026,1,8,12
24/06/2026,2,35,10
24/06/2026,2,24,6
24/06/2026,2,32,14
24/06/2026,2,39,8
24/06/2026,3,27,16
25/06/2026,1,8,10
25/06/2026,1,13,19
25/06/2026,1,21,18
25/06/2026,2,20,12
25/06/2026,3,27,14
25/06/2026,3,22,5
25/06/2026,3,52,20
25/06/2026,3,42,9
25/06/2026,1,6,13
25/06/2026,1,7,7
25/06/2026,2,27,11
25/06/2026,2,27,13
25/06/2026,2,29,9
25/06/2026,2,39,6
25/06/2026,3,46,12
25/06/2026,3,44,13
25/06/2026,3,52,13
25/06/2026,3,39,13
25/06/2026,3,50,17
25/06/2026,1,12,20
25/06/2026,2,38,7
25/06/2026,3,53,14
25/06/2026,3,25,14
25/06/2026,3,20,9
25/06/2026,3,48,7
25/06/2026,3,45,16
26/06/2026,1,38,7
26/06/2026,2,29,18
26/06/2026,2,27,12
26/06/2026,2,26,15
26/06/2026,2,31,12
26/06/2026,3,47,15
26/06/2026,3,40,15
26/06/2026,3,55,18
26/06/2026,3,47,10
26/06/2026,1,8,19
26/06/2026,2,20,6
26/06/2026,2,22,19
26/06/2026,2,30,12
26/06/2026,2,38,8
26/06/2026,2,29,17
26/06/2026,3,23,19
26/06/2026,3,53,15
26/06/2026,1,4,13
26/06/2026,1,8,7
26/06/2026,2,29,13
26/06/2026,2,35,18
26/06/2026,2,24,6
26/06/2026,3,39,19
26/06/2026,3,46,7
27/06/2026,1,38,16
27/06/2026,1,14,8
27/06/2026,1,6,15
27/06/2026,1,4,16
27/06/2026,1,13,6
27/06/2026,2,31,12
27/06/2026,2,23,15
27/06/2026,3,40,14
27/06/2026,3,45,17
27/06/2026,3,46,12
27/06/2026,3,22,6
27/06/2026,1,4,11
27/06/2026,1,19,5
27/06/2026,1,8,19
27/06/2026,1,17,19
27/06/2026,1,14,19
27/06/2026,2,33,19
27/06/2026,3,52,16
27/06/2026,3,49,13
27/06/2026,3,39,7
27/06/2026,3,50,11
27/06/2026,1,4,6
27/06/2026,2,25,13
27/06/2026,2,23,17
27/06/2026,2,29,17
27/06/2026,2,28,5
27/06/2026,2,32,6
27/06/2026,3,52,17
27/06/2026,3,50,9
27/06/2026,3,41,6
28/06/2026,1,12,19
28/06/2026,1,2,18
28/06/2026,1,4,8
28/06/2026,2,31,10
28/06/2026,2,29,10
28/06/2026,2,24,13
28/06/2026,2,23,7
28/06/2026,2,37,8
28/06/2026,3,55,5
28/06/2026,1,5,17
28/06/2026,2,29,7
28/06/2026,2,28,17
28/06/2026,2,33,11
28/06/2026,2,34,20
28/06/2026,2,29,14
28/06/2026,3,25,8
28/06/2026,3,43,11
28/06/2026,3,23,17
28/06/2026,3,51,14
28/06/2026,1,5,19
28/06/2026,1,9,14
28/06/2026,1,8,15
28/06/2026,1,19,16
28/06/2026,2,29,6
28/06/2026,2,35,5
28/06/2026,3,46,10
28/06/2026,3,43,17
28/06/2026,3,40,20
29/06/2026,1,2,16
29/06/2026,1,17,5
29/06/2026,1,17,8
29/06/2026,1,21,18
29/06/2026,1,38,17
29/06/2026,2,29,6
29/06/2026,2,35,5
29/06/2026,3,45,7
29/06/2026,1,13,8
29/06/2026,1,8,10
29/06/2026,1,4,19
29/06/2026,1,18,14
29/06/2026,2,31,16
29/06/2026,2,32,17
29/06/2026,2,36,7
29/06/2026,2,36,7
29/06/2026,3,49,16
29/06/2026,3,23,9
29/06/2026,3,48,6
29/06/2026,3,27,17
29/06/2026,1,8,5
29/06/2026,1,3,20
29/06/2026,1,3,10
29/06/2026,1,2,12
29/06/2026,1,12,5
29/06/2026,2,22,15
29/06/2026,2,31,19
29/06/2026,3,44,11
29/06/2026,3,51,19
29/06/2026,3,55,16
29/06/2026,3,47,10
30/06/2026,1,19,11
30/06/2026,1,15,17
30/06/2026,1,9,12
30/06/2026,2,31,9
30/06/2026,2,24,13
30/06/2026,2,26,19
30/06/2026,3,54,20
30/06/2026,1,13,5
30/06/2026,1,18,16
30/06/2026,2,36,17
30/06/2026,2,22,10
30/06/2026,3,41,18
30/06/2026,3,44,14
30/06/2026,3,45,16
30/06/2026,1,6,8
30/06/2026,1,11,9
30/06/2026,1,16,14
30/06/2026,2,39,7
30/06/2026,2,30,9
30/06/2026,2,31,8
30/06/2026,2,30,7
30/06/2026,2,22,15
30/06/2026,3,54,5
30/06/2026,3,53,10
30/06/2026,3,44,18
30/06/2026,3,44,9
01/07/2026,1,15,20
01/07/2026,1,10,18
01/07/2026,1,2,6
01/07/2026,1,18,20
01/07/2026,2,35,8
01/07/2026,2,34,15
01/07/2026,3,42,12
01/07/2026,3,53,17
01/07/2026,3,27,13
01/07/2026,3,39,9
01/07/2026,1,18,17
01/07/2026,1,4,12
01/07/2026,1,19,8
01/07/2026,1,14,14
01/07/2026,2,33,8
01/07/2026,2,29,7
01/07/2026,2,32,6
01/07/2026,2,26,19
01/07/2026,3,45,13
01/07/2026,3,39,17
01/07/2026,3,41,11
01/07/2026,3,53,10
01/07/2026,1,19,16
01/07/2026,1,11,14
01/07/2026,1,17,5
01/07/2026,2,26,13
01/07/2026,2,22,5
01/07/2026,2,28,12
01/07/2026,2,28,19
01/07/2026,2,27,11
01/07/2026,3,49,10
02/07/2026,1,11,15
02/07/2026,1,9,12
02/07/2026,1,5,20
02/07/2026,1,5,15
02/07/2026,1,10,9
02/07/2026,2,29,7
02/07/2026,2,23,13
02/07/2026,2,26,14
02/07/2026,2,37,19
02/07/2026,3,43,15
02/07/2026,3,53,9
02/07/2026,3,43,9
02/07/2026,1,15,14
02/07/2026,1,14,16
02/07/2026,2,31,5
02/07/2026,2,30,13
02/07/2026,2,22,16
02/07/2026,2,39,8
02/07/2026,2,39,20
02/07/2026,3,20,10
02/07/2026,3,44,19
02/07/2026,3,30,14
02/07/2026,3,41,9
02/07/2026,1,7,10
02/07/2026,1,15,9
02/07/2026,2,35,11
02/07/2026,2,34,19
02/07/2026,2,23,14
02/07/2026,3,47,8
02/07/2026,3,22,7
02/07/2026,3,22,19
03/07/2026,1,10,20
03/07/2026,1,9,16
03/07/2026,1,4,16
03/07/2026,2,29,15
03/07/2026,2,38,11
03/07/2026,2,39,20
03/07/2026,2,34,17
03/07/2026,3,41,10
03/07/2026,3,53,5
03/07/2026,3,40,9
03/07/2026,3,43,6
03/07/2026,1,17,5
03/07/2026,1,15,12
03/07/2026,1,16,7
03/07/2026,2,24,18
03/07/2026,3,41,7
03/07/2026,3,27,7
03/07/2026,1,7,5
03/07/2026,1,10,20
03/07/2026,1,8,14
03/07/2026,1,16,16
03/07/2026,2,30,11
03/07/2026,2,27,20
03/07/2026,3,46,19
03/07/2026,3,54,18
04/07/2026,1,3,19
04/07/2026,1,3,5
04/07/2026,1,5,5
04/07/2026,2,22,8
04/07/2026,2,39,19
04/07/2026,2,20,19
04/07/2026,2,20,12
04/07/2026,2,22,18
04/07/2026,3,55,10
04/07/2026,3,46,7
04/07/2026,3,47,12
04/07/2026,3,49,13
04/07/2026,1,5,18
04/07/2026,2,35,11
04/07/2026,3,47,10
04/07/2026,3,25,17
04/07/2026,3,39,5
04/07/2026,1,8,7
04/07/2026,1,19,7
04/07/2026,2,22,18
04/07/2026,3,25,7
04/07/2026,3,55,17
04/07/2026,3,27,20
04/07/2026,3,50,20
04/07/2026,3,52,14
05/07/2026,1,8,18
05/07/2026,1,1,10
05/07/2026,1,5,5
05/07/2026,1,38,5
05/07/2026,1,13,8
05/07/2026,2,34,9
05/07/2026,2,38,16
05/07/2026,3,23,6
05/07/2026,3,52,18
05/07/2026,3,27,19
05/07/2026,1,21,20
05/07/2026,2,39,10
05/07/2026,2,25,15
05/07/2026,2,39,20
05/07/2026,2,20,16
05/07/2026,2,37,13
05/07/2026,3,49,12
05/07/2026,3,42,5
05/07/2026,3,23,14
05/07/2026,1,4,15
05/07/2026,1,14,10
05/07/2026,1,38,11
05/07/2026,2,23,7
05/07/2026,2,29,18
05/07/2026,3,20,18
06/07/2026,1,18,10
06/07/2026,1,21,18
06/07/2026,1,4,20
06/07/2026,1,2,14
06/07/2026,1,38,6
06/07/2026,2,31,13
06/07/2026,2,36,18
06/07/2026,2,34,14
06/07/2026,2,35,7
06/07/2026,3,44,13
06/07/2026,3,43,15
06/07/2026,1,13,13
06/07/2026,1,16,14
06/07/2026,2,36,11
06/07/2026,2,36,11
06/07/2026,2,33,13
06/07/2026,2,33,13
06/07/2026,2,32,20
06/07/2026,3,49,7
06/07/2026,3,23,11
06/07/2026,3,45,19
06/07/2026,3,22,17
06/07/2026,3,51,5
06/07/2026,1,18,8
06/07/2026,2,30,16
06/07/2026,2,38,12
06/07/2026,2,33,16
06/07/2026,3,40,9
06/07/2026,3,51,7
06/07/2026,3,50,15
06/07/2026,3,27,8
06/07/2026,3,50,16
07/07/2026,1,3,17
07/07/2026,1,12,6
07/07/2026,2,23,7
07/07/2026,2,39,13
07/07/2026,3,44,12
07/07/2026,3,46,16
07/07/2026,3,52,16
07/07/2026,3,50,9
07/07/2026,1,8,5
07/07/2026,1,38,9
07/07/2026,1,15,9
07/07/2026,1,16,11
07/07/2026,2,33,19
07/07/2026,2,27,11
07/07/2026,2,29,5
07/07/2026,2,33,13
07/07/2026,2,38,10
07/07/2026,3,45,12
07/07/2026,3,40,20
07/07/2026,3,45,10
07/07/2026,3,22,19
07/07/2026,1,21,11
07/07/2026,1,4,18
07/07/2026,2,24,10
07/07/2026,2,28,18
07/07/2026,2,23,11
07/07/2026,2,38,11
07/07/2026,2,31,18
07/07/2026,3,47,12
07/07/2026,3,30,18
07/07/2026,3,23,14
08/07/2026,1,19,18
08/07/2026,2,31,17
08/07/2026,2,29,11
08/07/2026,2,27,5
08/07/2026,2,37,12
08/07/2026,2,37,19
08/07/2026,3,51,19
08/07/2026,3,49,18
08/07/2026,3,42,8
08/07/2026,3,46,7
08/07/2026,3,48,16
08/07/2026,1,8,14
08/07/2026,1,18,17
08/07/2026,1,17,19
08/07/2026,2,26,11
08/07/2026,2,25,9
08/07/2026,2,34,19
08/07/2026,2,39,5
08/07/2026,3,55,18
08/07/2026,3,20,14
08/07/2026,3,52,5
08/07/2026,3,47,16
08/07/2026,3,48,20
08/07/2026,1,11,8
08/07/2026,1,38,17
08/07/2026,2,22,13
08/07/2026,2,37,12
08/07/2026,2,39,14
08/07/2026,2,22,14
08/07/2026,3,54,5
08/07/2026,3,39,6
08/07/2026,3,53,10
09/07/2026,1,7,7
09/07/2026,1,19,8
09/07/2026,1,5,17
09/07/2026,1,7,6
09/07/2026,1,8,7
09/07/2026,2,31,8
09/07/2026,2,31,9
09/07/2026,3,25,9
09/07/2026,3,39,16
09/07/2026,3,47,6
09/07/2026,3,41,14
09/07/2026,3,42,17
09/07/2026,1,38,10
09/07/2026,1,4,11
09/07/2026,2,27,20
09/07/2026,2,36,6
09/07/2026,2,31,10
09/07/2026,2,26,19
09/07/2026,2,37,6
09/07/2026,3,20,18
09/07/2026,3,53,8
09/07/2026,3,27,9
09/07/2026,3,30,12
09/07/2026,3,22,7
09/07/2026,1,13,11
09/07/2026,1,14,20
09/07/2026,1,19,12
09/07/2026,2,26,20
09/07/2026,3,39,16
09/07/2026,3,43,16
09/07/2026,3,55,7
09/07/2026,3,40,5
10/07/2026,1,4,15
10/07/2026,1,12,9
10/07/2026,1,19,19
10/07/2026,2,26,11
10/07/2026,3,44,11
10/07/2026,3,44,18
10/07/2026,1,5,17
10/07/2026,2,26,12
10/07/2026,2,37,5
10/07/2026,2,24,19
10/07/2026,2,37,11
10/07/2026,2,30,20
10/07/2026,3,23,13
10/07/2026,3,52,12
10/07/2026,1,14,7
10/07/2026,1,19,20
10/07/2026,1,6,13
10/07/2026,1,17,11
10/07/2026,2,38,20
10/07/2026,2,32,20
10/07/2026,3,55,5
10/07/2026,3,51,5
10/07/2026,3,39,14
10/07/2026,3,49,5
11/07/2026,1,9,5
11/07/2026,1,17,12
11/07/2026,1,18,14
11/07/2026,2,24,9
11/07/2026,2,23,10
11/07/2026,3,48,12
11/07/2026,3,40,18
11/07/2026,3,22,18
11/07/2026,3,53,11
11/07/2026,3,39,9
11/07/2026,1,38,12
11/07/2026,1,1,19
11/07/2026,2,24,5
11/07/2026,3,52,10
11/07/2026,3,49,10
11/07/2026,3,44,17
11/07/2026,3,25,6
11/07/2026,1,5,19
11/07/2026,1,12,15
11/07/2026,1,4,11
11/07/2026,2,27,12
11/07/2026,3,20,15
11/07/2026,3,44,19
11/07/2026,3,23,19
11/07/2026,3,50,6
12/07/2026,1,16,19
12/07/2026,1,1,19
12/07/2026,1,38,12
12/07/2026,1,2,12
12/07/2026,2,20,19
12/07/2026,2,34,17
12/07/2026,2,29,10
12/07/2026,2,33,17
12/07/2026,2,33,6
12/07/2026,3,43,20
12/07/2026,3,53,20
12/07/2026,3,51,12
12/07/2026,3,42,8
12/07/2026,3,27,13
12/07/2026,1,11,8
12/07/2026,1,1,14
12/07/2026,1,1,9
12/07/2026,2,22,12
12/07/2026,2,22,10
12/07/2026,2,24,9
12/07/2026,2,30,18
12/07/2026,3,53,17
12/07/2026,3,55,13
12/07/2026,1,2,11
12/07/2026,1,6,11
12/07/2026,1,12,15
12/07/2026,2,25,15
12/07/2026,2,28,19
12/07/2026,2,24,17
12/07/2026,2,23,16
12/07/2026,3,49,17
12/07/2026,3,46,13
12/07/2026,3,30,6
13/07/2026,1,5,5
13/07/2026,1,12,17
13/07/2026,1,15,20
13/07/2026,1,14,18
13/07/2026,1,38,8
13/07/2026,2,33,14
13/07/2026,2,31,14
13/07/2026,2,38,5
13/07/2026,3,22,15
13/07/2026,1,19,17
13/07/2026,1,18,13
13/07/2026,1,11,17
13/07/2026,1,38,16
13/07/2026,1,38,20
13/07/2026,2,27,16
13/07/2026,2,30,17
13/07/2026,3,20,7
13/07/2026,3,55,19
13/07/2026,1,6,13
13/07/2026,1,14,14
13/07/2026,2,24,9
13/07/2026,3,20,18
13/07/2026,3,23,15
13/07/2026,3,53,11
13/07/2026,3,54,12
13/07/2026,3,23,5
14/07/2026,1,15,10
14/07/2026,2,23,8
14/07/2026,2,33,10
14/07/2026,2,32,18
14/07/2026,3,47,16
14/07/2026,3,30,13
14/07/2026,1,7,18
14/07/2026,1,9,8
14/07/2026,1,10,17
14/07/2026,2,31,19
14/07/2026,2,23,14
14/07/2026,2,33,13
14/07/2026,2,35,9
14/07/2026,3,43,12
14/07/2026,3,53,11
14/07/2026,3,40,5
14/07/2026,3,43,15
14/07/2026,1,2,16
14/07/2026,1,4,11
14/07/2026,2,22,9
14/07/2026,2,23,6
14/07/2026,3,55,14
15/07/2026,1,6,19
15/07/2026,1,7,14
15/07/2026,1,9,5
15/07/2026,1,3,7
15/07/2026,2,30,11
15/07/2026,2,38,8
15/07/2026,3,51,18
15/07/2026,3,42,14
15/07/2026,3,45,10
15/07/2026,3,43,10
15/07/2026,1,18,19
15/07/2026,1,2,17
15/07/2026,1,2,13
15/07/2026,2,20,20
15/07/2026,2,34,13
15/07/2026,3,46,9
15/07/2026,3,23,15
15/07/2026,3,20,17
15/07/2026,3,43,6
15/07/2026,3,55,12
15/07/2026,1,15,9
15/07/2026,1,1,16
15/07/2026,2,27,14
15/07/2026,2,29,11
15/07/2026,2,32,10
15/07/2026,2,27,13
15/07/2026,3,54,12
15/07/2026,3,53,15
16/07/2026,1,10,10
16/07/2026,1,6,15
16/07/2026,2,27,13
16/07/2026,2,38,18
16/07/2026,2,25,7
16/07/2026,2,34,10
16/07/2026,2,32,12
16/07/2026,3,20,20
16/07/2026,3,53,20
16/07/2026,3,41,10
16/07/2026,3,53,9
16/07/2026,1,18,5
16/07/2026,1,19,7
16/07/2026,1,15,8
16/07/2026,1,11,12
16/07/2026,1,9,15
16/07/2026,2,25,18
16/07/2026,2,22,8
16/07/2026,2,24,5
16/07/2026,2,32,16
16/07/2026,2,39,13
16/07/2026,3,44,5
16/07/2026,3,42,16
16/07/2026,3,49,16
16/07/2026,3,23,19
16/07/2026,1,12,6
16/07/2026,1,8,14
16/07/2026,1,21,18
16/07/2026,1,12,10
16/07/2026,2,27,15
16/07/2026,2,35,20
16/07/2026,2,39,14
16/07/2026,2,37,5
16/07/2026,3,52,14
16/07/2026,3,52,16
16/07/2026,3,20,13
16/07/2026,3,47,20
16/07/2026,3,47,17
17/07/2026,1,12,8
17/07/2026,1,4,8
17/07/2026,2,27,11
17/07/2026,2,24,14
17/07/2026,2,27,9
17/07/2026,3,43,10
17/07/2026,3,30,12
17/07/2026,3,23,6
17/07/2026,3,41,11
17/07/2026,3,53,10
17/07/2026,1,6,7
17/07/2026,2,34,6
17/07/2026,2,33,5
17/07/2026,2,35,6
17/07/2026,2,31,6
17/07/2026,3,25,19
17/07/2026,3,41,17
17/07/2026,1,3,18
17/07/2026,1,13,18
17/07/2026,1,7,9
17/07/2026,1,9,6
17/07/2026,2,38,12
17/07/2026,3,43,19
17/07/2026,3,51,5
17/07/2026,3,20,12
17/07/2026,3,41,10
18/07/2026,1,18,20
18/07/2026,1,10,10
18/07/2026,1,18,13
18/07/2026,1,19,16
18/07/2026,1,21,8
18/07/2026,2,31,18
18/07/2026,2,36,15
18/07/2026,2,20,20
18/07/2026,2,25,20
18/07/2026,3,44,8
18/07/2026,3,51,20
18/07/2026,3,41,20
18/07/2026,3,43,16
18/07/2026,1,6,5
18/07/2026,1,10,10
18/07/2026,1,11,9
18/07/2026,1,8,5
18/07/2026,2,37,6
18/07/2026,2,27,5
18/07/2026,2,32,7
18/07/2026,3,53,13
18/07/2026,3,43,15
18/07/2026,3,49,15
18/07/2026,1,38,18
18/07/2026,1,10,7
18/07/2026,2,34,6
18/07/2026,2,25,6
18/07/2026,2,24,16
18/07/2026,2,28,5
18/07/2026,3,52,10
18/07/2026,3,25,9
18/07/2026,3,42,19
19/07/2026,1,17,9
19/07/2026,1,2,13
19/07/2026,2,37,20
19/07/2026,3,52,19
19/07/2026,1,7,11
19/07/2026,1,5,11
19/07/2026,2,28,17
19/07/2026,3,45,19
19/07/2026,3,50,13
19/07/2026,3,30,11
19/07/2026,3,49,14
19/07/2026,1,8,13
19/07/2026,1,19,15
19/07/2026,1,4,17
19/07/2026,1,3,13
19/07/2026,2,24,5
19/07/2026,2,35,19
19/07/2026,3,55,6
19/07/2026,3,43,14
19/07/2026,3,44,18
19/07/2026,3,50,9
20/07/2026,1,3,15
20/07/2026,2,27,14
20/07/2026,2,36,14
20/07/2026,2,34,19
20/07/2026,2,37,13
20/07/2026,2,32,15
20/07/2026,3,45,17
20/07/2026,3,43,11
20/07/2026,3,30,8
20/07/2026,3,43,19
20/07/2026,1,7,9
20/07/2026,1,8,17
20/07/2026,1,17,19
20/07/2026,2,34,18
20/07/2026,2,34,14
20/07/2026,2,37,17
20/07/2026,2,20,12
20/07/2026,3,42,14
20/07/2026,3,44,14
20/07/2026,3,55,12
20/07/2026,3,45,16
20/07/2026,1,3,18
20/07/2026,1,10,5
20/07/2026,1,1,6
20/07/2026,2,22,15
20/07/2026,3,54,11
21/07/2026,1,19,11
21/07/2026,1,2,13
21/07/2026,2,31,20
21/07/2026,2,20,19
21/07/2026,2,36,10
21/07/2026,2,29,9
21/07/2026,2,26,15
21/07/2026,3,27,12
21/07/2026,3,42,8
21/07/2026,3,51,11
21/07/2026,1,5,17
21/07/2026,1,4,19
21/07/2026,1,14,12
21/07/2026,2,36,5
21/07/2026,2,36,20
21/07/2026,2,20,11
21/07/2026,2,20,6
21/07/2026,3,30,13
21/07/2026,3,42,8
21/07/2026,3,42,10
21/07/2026,3,41,16
21/07/2026,3,20,15
21/07/2026,1,18,14
21/07/2026,1,8,16
21/07/2026,2,24,19
21/07/2026,2,34,11
21/07/2026,2,38,20
21/07/2026,2,24,10
21/07/2026,3,48,11
21/07/2026,3,43,13
21/07/2026,3,45,9
21/07/2026,3,53,10
22/07/2026,1,9,15
22/07/2026,1,21,17
22/07/2026,1,1,13
22/07/2026,1,18,11
22/07/2026,2,23,9
22/07/2026,2,33,16
22/07/2026,3,39,20
22/07/2026,3,41,11
22/07/2026,3,50,11
22/07/2026,3,53,10
22/07/2026,1,14,11
22/07/2026,1,16,10
22/07/2026,1,21,18
22/07/2026,2,36,5
22/07/2026,2,35,9
22/07/2026,2,39,12
22/07/2026,2,33,8
22/07/2026,2,22,16
22/07/2026,3,54,10
22/07/2026,1,14,19
22/07/2026,1,9,8
22/07/2026,1,17,12
22/07/2026,1,12,17
22/07/2026,1,8,6
22/07/2026,2,23,19
22/07/2026,2,27,6
22/07/2026,2,28,7
22/07/2026,2,23,9
22/07/2026,2,36,10
22/07/2026,3,48,13
23/07/2026,1,13,15
23/07/2026,1,11,13
23/07/2026,2,22,14
23/07/2026,2,36,15
23/07/2026,2,25,8
23/07/2026,2,33,20
23/07/2026,3,53,12
23/07/2026,3,22,7
23/07/2026,1,17,18
23/07/2026,2,26,8
23/07/2026,2,26,15
23/07/2026,2,31,6
23/07/2026,2,25,12
23/07/2026,3,50,16
23/07/2026,3,55,18
23/07/2026,1,8,9
23/07/2026,1,8,19
23/07/2026,1,18,16
23/07/2026,2,38,8
23/07/2026,2,31,5
23/07/2026,2,25,12
23/07/2026,2,29,20
23/07/2026,2,34,7
23/07/2026,3,42,14
23/07/2026,3,52,8
23/07/2026,3,54,7
23/07/2026,3,39,13
23/07/2026,3,50,19
24/07/2026,1,4,19
24/07/2026,1,9,8
24/07/2026,2,22,19
24/07/2026,2,38,9
24/07/2026,2,35,19
24/07/2026,2,27,9
24/07/2026,2,34,5
24/07/2026,3,30,9
24/07/2026,1,9,20
24/07/2026,1,38,14
24/07/2026,2,34,7
24/07/2026,2,23,8
24/07/2026,2,25,13
24/07/2026,3,39,15
24/07/2026,3,51,18
24/07/2026,3,50,17
24/07/2026,1,5,5
24/07/2026,1,11,10
24/07/2026,1,11,12
24/07/2026,1,21,10
24/07/2026,1,3,6
24/07/2026,2,32,7
24/07/2026,2,31,17
24/07/2026,3,22,12
24/07/2026,3,52,17
25/07/2026,1,1,7
25/07/2026,1,38,16
25/07/2026,1,5,13
25/07/2026,1,16,6
25/07/2026,1,13,19
25/07/2026,2,23,5
25/07/2026,2,20,14
25/07/2026,2,32,12
25/07/2026,2,23,8
25/07/2026,2,38,17
25/07/2026,3,22,12
25/07/2026,3,25,20
25/07/2026,3,45,9
25/07/2026,3,46,20
25/07/2026,1,38,6
25/07/2026,1,10,5
25/07/2026,1,18,10
25/07/2026,2,39,12
25/07/2026,3,25,12
25/07/2026,3,42,17
25/07/2026,1,17,19
25/07/2026,1,19,12
25/07/2026,1,14,13
25/07/2026,1,38,15
25/07/2026,2,33,12
25/07/2026,2,20,16
25/07/2026,2,39,7
25/07/2026,2,32,16
25/07/2026,2,27,8
25/07/2026,3,46,15
26/07/2026,1,17,9
26/07/2026,1,5,13
26/07/2026,2,24,13
26/07/2026,2,22,11
26/07/2026,2,35,13
26/07/2026,2,34,10
26/07/2026,3,23,6
26/07/2026,3,52,7
26/07/2026,3,48,9
26/07/2026,1,13,9
26/07/2026,1,19,16
26/07/2026,1,12,19
26/07/2026,2,38,17
26/07/2026,2,20,20
26/07/2026,2,22,18
26/07/2026,2,28,7
26/07/2026,3,51,5
26/07/2026,1,7,18
26/07/2026,1,7,19
26/07/2026,1,18,17
26/07/2026,1,10,19
26/07/2026,2,33,13
26/07/2026,3,46,16
26/07/2026,3,49,8
27/07/2026,1,38,6
27/07/2026,1,12,17
27/07/2026,2,26,8
27/07/2026,3,49,8
27/07/2026,3,25,18
27/07/2026,3,42,19
27/07/2026,1,15,6
27/07/2026,1,3,7
27/07/2026,1,3,20
27/07/2026,1,7,11
27/07/2026,1,12,13
27/07/2026,2,24,16
27/07/2026,2,32,9
27/07/2026,2,24,11
27/07/2026,2,20,19
27/07/2026,3,27,6
27/07/2026,3,55,5
27/07/2026,3,52,13
27/07/2026,1,6,19
27/07/2026,1,17,12
27/07/2026,1,11,5
27/07/2026,1,38,5
27/07/2026,1,17,12
27/07/2026,2,32,11
27/07/2026,2,38,10
27/07/2026,2,27,6
27/07/2026,2,23,5
27/07/2026,3,30,11
27/07/2026,3,47,6
27/07/2026,3,53,11
01/06/2026,1,8,16
01/06/2026,1,16,13
01/06/2026,1,10,16
01/06/2026,1,17,7
01/06/2026,2,23,15
01/06/2026,2,31,20
01/06/2026,2,38,9
01/06/2026,3,46,12
01/06/2026,3,22,14
01/06/2026,3,40,11
01/06/2026,1,12,8
01/06/2026,1,1,11
01/06/2026,2,22,11
01/06/2026,3,44,19
01/06/2026,3,23,18
01/06/2026,1,14,6
01/06/2026,2,20,6
01/06/2026,2,24,7
01/06/2026,2,22,11
01/06/2026,2,32,14
01/06/2026,2,34,12
01/06/2026,3,40,14
01/06/2026,3,22,6
01/06/2026,3,43,14
01/06/2026,3,54,10
02/06/2026,1,15,20
02/06/2026,1,13,18
02/06/2026,1,13,11
02/06/2026,1,2,20
02/06/2026,2,28,14
02/06/2026,2,23,8
02/06/2026,2,24,10
02/06/2026,2,27,13
02/06/2026,3,55,10
02/06/2026,3,41,19
02/06/2026,3,53,15
02/06/2026,3,53,7
02/06/2026,3,39,10
02/06/2026,1,21,6
02/06/2026,1,11,18
02/06/2026,2,32,8
02/06/2026,2,23,10
02/06/2026,2,39,10
02/06/2026,2,22,11
02/06/2026,3,27,12
02/06/2026,3,51,15
02/06/2026,1,5,16
02/06/2026,1,21,9
02/06/2026,1,3,12
02/06/2026,1,14,19
02/06/2026,2,34,10
02/06/2026,2,26,10
02/06/2026,2,22,12
02/06/2026,2,24,8
02/06/2026,2,22,6
02/06/2026,3,51,12
02/06/2026,3,23,10
02/06/2026,3,23,20
02/06/2026,3,23,17
03/06/2026,1,11,9
03/06/2026,1,15,11
03/06/2026,1,21,12
03/06/2026,1,1,17
03/06/2026,1,10,18
03/06/2026,2,23,7
03/06/2026,2,27,17
03/06/2026,2,22,18
03/06/2026,2,37,17
03/06/2026,2,32,6
03/06/2026,3,55,12
03/06/2026,1,3,17
03/06/2026,1,3,7
03/06/2026,1,9,9
03/06/2026,1,13,8
03/06/2026,2,26,14
03/06/2026,2,37,12
03/06/2026,2,39,15
03/06/2026,2,24,7
03/06/2026,2,25,9
03/06/2026,3,25,13
03/06/2026,3,51,10
03/06/2026,3,46,18
03/06/2026,1,1,7
03/06/2026,1,7,5
03/06/2026,1,18,5
03/06/2026,1,16,10
03/06/2026,2,35,15
03/06/2026,2,27,13
03/06/2026,3,41,18
03/06/2026,3,39,8
03/06/2026,3,54,18
03/06/2026,3,52,13
04/06/2026,1,1,11
04/06/2026,2,33,11
04/06/2026,2,35,13
04/06/2026,2,38,9
04/06/2026,3,51,16
04/06/2026,3,46,8
04/06/2026,3,51,9
04/06/2026,3,30,5
04/06/2026,3,48,12
04/06/2026,1,8,12
04/06/2026,1,3,11
04/06/2026,1,3,12
04/06/2026,1,6,17
04/06/2026,1,21,9
04/06/2026,2,31,9
04/06/2026,2,27,6
04/06/2026,2,22,11
04/06/2026,3,20,20
04/06/2026,3,25,13
04/06/2026,3,30,19
04/06/2026,3,40,12
04/06/2026,3,44,16
04/06/2026,1,10,18
04/06/2026,2,28,13
04/06/2026,2,23,8
04/06/2026,2,33,17
04/06/2026,2,22,18
04/06/2026,2,38,8
04/06/2026,3,40,8
04/06/2026,3,54,13
04/06/2026,3,43,15
04/06/2026,3,49,16
05/06/2026,1,7,16
05/06/2026,1,16,9
05/06/2026,1,10,19
05/06/2026,1,13,5
05/06/2026,1,8,15
05/06/2026,2,33,7
05/06/2026,2,37,14
05/06/2026,3,45,17
05/06/2026,3,55,13
05/06/2026,3,43,6
05/06/2026,1,13,9
05/06/2026,1,3,17
05/06/2026,2,35,20
05/06/2026,2,26,9
05/06/2026,3,46,18
05/06/2026,3,54,6
05/06/2026,3,25,6
05/06/2026,1,8,11
05/06/2026,2,25,12
05/06/2026,3,55,5
05/06/2026,3,39,10
06/06/2026,1,2,20
06/06/2026,2,29,16
06/06/2026,2,32,5
06/06/2026,2,39,18
06/06/2026,2,27,9
06/06/2026,3,40,15
06/06/2026,3,55,13
06/06/2026,1,21,17
06/06/2026,1,3,16
06/06/2026,1,4,20
06/06/2026,1,16,9
06/06/2026,1,38,18
06/06/2026,2,34,10
06/06/2026,3,55,15
06/06/2026,3,42,19
06/06/2026,3,43,14
06/06/2026,3,44,19
06/06/2026,3,46,18
06/06/2026,1,7,13
06/06/2026,2,37,18
06/06/2026,2,39,5
06/06/2026,2,37,18
06/06/2026,3,51,12
06/06/2026,3,41,17
06/06/2026,3,22,13
06/06/2026,3,43,20
06/06/2026,3,48,11
07/06/2026,1,17,7
07/06/2026,1,11,18
07/06/2026,2,29,5
07/06/2026,2,25,11
07/06/2026,2,27,15
07/06/2026,3,54,7
07/06/2026,1,14,16
07/06/2026,1,12,10
07/06/2026,1,4,18
07/06/2026,2,35,10
07/06/2026,3,47,18
07/06/2026,1,12,18
07/06/2026,1,3,8
07/06/2026,1,19,16
07/06/2026,2,22,9
07/06/2026,2,39,10
07/06/2026,2,38,8
07/06/2026,3,22,10
07/06/2026,3,40,17
07/06/2026,3,44,16
07/06/2026,3,53,12
07/06/2026,3,25,13
08/06/2026,1,13,9
08/06/2026,1,13,5
08/06/2026,1,7,17
08/06/2026,2,22,15
08/06/2026,2,28,14
08/06/2026,2,20,11
08/06/2026,2,28,17
08/06/2026,3,53,14
08/06/2026,3,43,7
08/06/2026,3,44,20
08/06/2026,3,53,7
08/06/2026,1,12,20
08/06/2026,1,8,18
08/06/2026,1,3,10
08/06/2026,1,4,10
08/06/2026,2,39,14
08/06/2026,3,30,17
08/06/2026,3,41,12
08/06/2026,1,8,13
08/06/2026,1,18,19
08/06/2026,1,12,13
08/06/2026,1,10,14
08/06/2026,1,15,12
08/06/2026,2,23,12
08/06/2026,2,22,10
08/06/2026,2,37,9
08/06/2026,2,33,9
08/06/2026,3,45,13
08/06/2026,3,20,11
08/06/2026,3,20,16
08/06/2026,3,52,12
09/06/2026,1,11,6
09/06/2026,1,2,17
09/06/2026,1,2,14
09/06/2026,2,30,17
09/06/2026,2,32,13
09/06/2026,2,25,7
09/06/2026,3,51,5
09/06/2026,3,53,15
09/06/2026,3,22,11
09/06/2026,1,15,13
09/06/2026,2,28,10
09/06/2026,2,33,10
09/06/2026,2,39,7
09/06/2026,3,30,9
09/06/2026,3,48,13
09/06/2026,1,9,9
09/06/2026,1,10,14
09/06/2026,1,12,15
09/06/2026,1,5,19
09/06/2026,1,38,11
09/06/2026,2,36,14
09/06/2026,2,33,19
09/06/2026,2,28,19
09/06/2026,2,33,10
09/06/2026,2,29,6
09/06/2026,3,27,13
09/06/2026,3,23,7
09/06/2026,3,43,19
09/06/2026,3,55,5
10/06/2026,1,1,15
10/06/2026,2,31,13
10/06/2026,2,22,7
10/06/2026,2,26,14
10/06/2026,2,27,12
10/06/2026,2,35,12
10/06/2026,3,51,14
10/06/2026,3,49,8
10/06/2026,3,52,18
10/06/2026,3,48,10
10/06/2026,3,39,9
10/06/2026,1,19,16
10/06/2026,1,8,7
10/06/2026,1,1,8
10/06/2026,1,9,16
10/06/2026,2,32,9
10/06/2026,3,53,11
10/06/2026,3,20,19
10/06/2026,1,21,7
10/06/2026,1,6,9
10/06/2026,1,7,5
10/06/2026,2,29,15
10/06/2026,2,36,14
10/06/2026,3,30,16
10/06/2026,3,22,19
10/06/2026,3,23,17
11/06/2026,1,5,12
11/06/2026,2,33,11
11/06/2026,2,33,7
11/06/2026,2,36,11
11/06/2026,2,22,10
11/06/2026,2,27,9
11/06/2026,3,30,17
11/06/2026,3,48,8
11/06/2026,3,42,7
11/06/2026,3,30,19
11/06/2026,3,25,8
11/06/2026,1,2,7
11/06/2026,1,3,5
11/06/2026,1,9,6
11/06/2026,1,17,13
11/06/2026,2,27,14
11/06/2026,3,30,5
11/06/2026,3,39,10
11/06/2026,3,25,12
11/06/2026,3,42,15
11/06/2026,3,48,6
11/06/2026,1,13,7
11/06/2026,2,25,18
11/06/2026,2,27,7
11/06/2026,2,28,17
11/06/2026,3,43,12
11/06/2026,3,42,10
11/06/2026,3,27,6
11/06/2026,3,23,18
12/06/2026,1,4,9
12/06/2026,1,1,6
12/06/2026,1,21,11
12/06/2026,2,28,18
12/06/2026,2,24,12
12/06/2026,2,34,20
12/06/2026,2,34,19
12/06/2026,2,26,10
12/06/2026,3,46,15
12/06/2026,3,30,6
12/06/2026,3,40,20
12/06/2026,3,45,12
12/06/2026,3,22,17
12/06/2026,1,4,8
12/06/2026,1,17,9
12/06/2026,2,39,18
12/06/2026,2,35,10
12/06/2026,3,53,20
12/06/2026,3,42,13
12/06/2026,3,39,17
12/06/2026,1,5,12
12/06/2026,1,11,9
12/06/2026,1,7,7
12/06/2026,1,10,19
12/06/2026,2,35,19
12/06/2026,2,36,10
12/06/2026,2,29,8
12/06/2026,3,50,5
12/06/2026,3,20,20
12/06/2026,3,53,18
12/06/2026,3,46,13
12/06/2026,3,42,12
13/06/2026,1,38,20
13/06/2026,1,9,6
13/06/2026,2,25,17
13/06/2026,2,24,8
13/06/2026,2,27,11
13/06/2026,2,35,16
13/06/2026,3,43,5
13/06/2026,3,46,12
13/06/2026,3,47,19
13/06/2026,3,52,8
13/06/2026,3,42,9
13/06/2026,1,4,16
13/06/2026,1,19,5
13/06/2026,1,4,8
13/06/2026,1,7,18
13/06/2026,2,28,16
13/06/2026,2,32,13
13/06/2026,3,53,18
13/06/2026,1,12,12
13/06/2026,1,17,13
13/06/2026,1,16,18
13/06/2026,1,5,12
13/06/2026,2,32,11
13/06/2026,2,39,5
13/06/2026,2,24,17
13/06/2026,2,26,19
13/06/2026,3,30,6
13/06/2026,3,30,19
13/06/2026,3,22,9
14/06/2026,1,15,20
14/06/2026,1,14,20
14/06/2026,1,16,17
14/06/2026,2,27,18
14/06/2026,2,37,18
14/06/2026,2,31,6
14/06/2026,2,26,16
14/06/2026,2,24,9
14/06/2026,3,27,18
14/06/2026,3,23,11
14/06/2026,3,45,9
14/06/2026,3,23,13
14/06/2026,1,18,6
14/06/2026,1,8,15
14/06/2026,1,18,12
14/06/2026,1,13,12
14/06/2026,1,10,13
14/06/2026,2,22,11
14/06/2026,3,47,9
14/06/2026,3,52,10
14/06/2026,3,43,20
14/06/2026,3,54,19
14/06/2026,1,18,8
14/06/2026,1,15,17
14/06/2026,1,19,10
14/06/2026,1,15,18
14/06/2026,2,27,11
14/06/2026,2,27,16
14/06/2026,2,37,5
14/06/2026,3,47,11
15/06/2026,1,19,8
15/06/2026,2,32,5
15/06/2026,2,36,15
15/06/2026,2,27,12
15/06/2026,2,26,7
15/06/2026,2,33,13
15/06/2026,3,51,6
15/06/2026,1,8,9
15/06/2026,1,11,10
15/06/2026,1,9,13
15/06/2026,2,36,18
15/06/2026,2,36,6
15/06/2026,2,30,11
15/06/2026,2,39,19
15/06/2026,3,40,13
15/06/2026,3,43,19
15/06/2026,3,52,8
15/06/2026,3,50,20
15/06/2026,3,50,13
15/06/2026,1,18,7
15/06/2026,1,1,15
15/06/2026,1,12,6
15/06/2026,2,29,5
15/06/2026,3,48,11
15/06/2026,3,52,18
15/06/2026,3,46,19
15/06/2026,3,55,9
15/06/2026,3,41,12
16/06/2026,1,16,18
16/06/2026,1,15,5
16/06/2026,1,6,13
16/06/2026,2,24,7
16/06/2026,2,27,12
16/06/2026,2,20,16
16/06/2026,2,27,12
16/06/2026,2,23,8
16/06/2026,3,52,10
16/06/2026,3,20,10
16/06/2026,3,23,9
16/06/2026,3,42,5
16/06/2026,3,20,13
16/06/2026,1,9,8
16/06/2026,1,18,20
16/06/2026,1,2,10
16/06/2026,1,6,12
16/06/2026,1,1,18
16/06/2026,2,32,18
16/06/2026,2,39,20
16/06/2026,2,32,10
16/06/2026,2,35,11
16/06/2026,3,49,7
16/06/2026,3,53,18
16/06/2026,3,44,17
16/06/2026,3,44,9
16/06/2026,1,16,14
16/06/2026,1,8,8
16/06/2026,1,10,10
16/06/2026,2,29,7
16/06/2026,2,28,6
16/06/2026,3,46,9
16/06/2026,3,20,13
16/06/2026,3,49,18
16/06/2026,3,51,14
17/06/2026,1,19,8
17/06/2026,1,21,16
17/06/2026,1,11,6
17/06/2026,1,2,9
17/06/2026,1,1,10
17/06/2026,2,27,5
17/06/2026,2,33,16
17/06/2026,2,36,6
17/06/2026,3,53,13
17/06/2026,3,51,16
17/06/2026,3,46,11
17/06/2026,3,30,13
17/06/2026,3,39,16
17/06/2026,1,15,19
17/06/2026,1,19,13
17/06/2026,1,3,14
17/06/2026,1,19,18
17/06/2026,2,38,6
17/06/2026,2,39,7
17/06/2026,2,27,7
17/06/2026,2,34,10
17/06/2026,2,30,11
17/06/2026,3,43,19
17/06/2026,1,6,10
17/06/2026,1,9,5
17/06/2026,1,18,12
17/06/2026,2,26,11
17/06/2026,3,44,18
18/06/2026,1,19,14
18/06/2026,1,7,16
18/06/2026,2,31,5
18/06/2026,2,35,9
18/06/2026,2,38,13
18/06/2026,3,20,7
18/06/2026,3,48,6
18/06/2026,3,47,18
18/06/2026,3,45,10
18/06/2026,1,21,19
18/06/2026,2,27,10
18/06/2026,2,31,5
18/06/2026,2,34,9
18/06/2026,2,26,11
18/06/2026,3,55,20
18/06/2026,3,54,15
18/06/2026,3,39,20
18/06/2026,3,40,13
18/06/2026,3,23,13
18/06/2026,1,2,20
18/06/2026,1,8,10
18/06/2026,2,20,17
18/06/2026,2,33,14
18/06/2026,2,35,19
18/06/2026,2,29,12
18/06/2026,3,55,15
18/06/2026,3,48,10
18/06/2026,3,48,7
18/06/2026,3,41,6
19/06/2026,1,38,6
19/06/2026,1,21,7
19/06/2026,1,5,7
19/06/2026,2,23,20
19/06/2026,2,34,6
19/06/2026,2,20,18
19/06/2026,2,24,10
19/06/2026,2,32,10
19/06/2026,3,42,14
19/06/2026,3,25,13
19/06/2026,3,49,17
19/06/2026,1,3,14
19/06/2026,2,38,14
19/06/2026,2,26,9
19/06/2026,2,31,10
19/06/2026,3,51,8
19/06/2026,3,22,5
19/06/2026,3,47,12
19/06/2026,3,48,7
19/06/2026,1,1,5
19/06/2026,1,2,11
19/06/2026,1,14,11
19/06/2026,1,4,10
19/06/2026,1,8,11
19/06/2026,2,26,17
19/06/2026,2,39,8
19/06/2026,2,32,17
19/06/2026,2,34,9
19/06/2026,2,29,20
19/06/2026,3,49,16
19/06/2026,3,48,18
20/06/2026,1,38,9
20/06/2026,1,14,19
20/06/2026,1,12,5
20/06/2026,1,12,17
20/06/2026,1,19,16
20/06/2026,2,32,6
20/06/2026,2,29,18
20/06/2026,2,20,17
20/06/2026,2,23,8
20/06/2026,2,25,11
20/06/2026,3,44,14
20/06/2026,3,41,15
20/06/2026,3,22,18
20/06/2026,3,30,7
20/06/2026,3,46,12
20/06/2026,1,7,17
20/06/2026,1,19,6
20/06/2026,1,1,13
20/06/2026,1,9,11
20/06/2026,1,16,18
20/06/2026,2,28,20
20/06/2026,2,27,15
20/06/2026,2,28,15
20/06/2026,3,23,5
20/06/2026,1,10,18
20/06/2026,2,28,13
20/06/2026,2,36,20
20/06/2026,2,27,17
20/06/2026,3,51,16
20/06/2026,3,40,11
20/06/2026,3,52,13
21/06/2026,1,17,17
21/06/2026,1,3,16
21/06/2026,1,2,8
21/06/2026,1,15,14
21/06/2026,1,17,12
21/06/2026,2,36,17
21/06/2026,2,34,8
21/06/2026,2,39,17
21/06/2026,2,36,14
21/06/2026,2,22,20
21/06/2026,3,30,16
21/06/2026,1,2,15
21/06/2026,1,13,9
21/06/2026,1,3,15
21/06/2026,1,19,19
21/06/2026,1,21,14
21/06/2026,2,33,5
21/06/2026,2,36,16
21/06/2026,3,22,11
21/06/2026,3,30,17
21/06/2026,1,16,19
21/06/2026,1,16,6
21/06/2026,1,14,16
21/06/2026,1,6,14
21/06/2026,2,26,12
21/06/2026,2,28,12
21/06/2026,2,20,18
21/06/2026,2,38,12
21/06/2026,2,34,8
21/06/2026,3,49,5
22/06/2026,1,8,9
22/06/2026,1,21,8
22/06/2026,1,3,13
22/06/2026,1,11,12
22/06/2026,1,11,15
22/06/2026,2,32,8
22/06/2026,3,47,18
22/06/2026,3,46,6
22/06/2026,3,55,9
22/06/2026,3,52,12
22/06/2026,3,43,20
22/06/2026,1,21,17
22/06/2026,2,32,14
22/06/2026,3,23,7
22/06/2026,3,54,17
22/06/2026,3,23,11
22/06/2026,3,23,13
22/06/2026,1,13,13
22/06/2026,1,1,8
22/06/2026,2,22,16
22/06/2026,2,23,12
22/06/2026,3,39,13
22/06/2026,3,41,19
23/06/2026,1,18,13
23/06/2026,2,28,19
23/06/2026,2,36,8
23/06/2026,2,31,14
23/06/2026,3,40,13
23/06/2026,3,50,13
23/06/2026,3,23,8
23/06/2026,1,15,20
23/06/2026,1,11,14
23/06/2026,1,3,7
23/06/2026,2,28,19
23/06/2026,2,32,13
23/06/2026,3,46,19
23/06/2026,3,42,12
23/06/2026,3,40,14
23/06/2026,3,46,17
23/06/2026,3,27,12
23/06/2026,1,5,17
23/06/2026,1,1,18
23/06/2026,1,12,6
23/06/2026,2,37,16
23/06/2026,2,29,15
23/06/2026,2,23,20
23/06/2026,3,41,9
23/06/2026,3,47,13
24/06/2026,1,10,8
24/06/2026,1,11,12
24/06/2026,2,34,19
24/06/2026,2,24,6
24/06/2026,2,23,20
24/06/2026,2,27,10
24/06/2026,2,26,5
24/06/2026,3,42,14
24/06/2026,1,8,6
24/06/2026,2,32,8
24/06/2026,2,24,11
24/06/2026,2,30,11
24/06/2026,3,48,20
24/06/2026,3,46,10
24/06/2026,3,54,19
24/06/2026,3,27,18
24/06/2026,3,40,14
24/06/2026,1,6,7
24/06/2026,1,8,10
24/06/2026,1,19,15
24/06/2026,2,24,15
24/06/2026,2,20,10
24/06/2026,2,38,15
24/06/2026,2,22,6
24/06/2026,3,46,5
25/06/2026,1,15,16
25/06/2026,1,6,6
25/06/2026,1,7,14
25/06/2026,1,13,12
25/06/2026,2,25,18
25/06/2026,3,42,16
25/06/2026,1,14,9
25/06/2026,2,38,17
25/06/2026,2,35,6
25/06/2026,2,25,9
25/06/2026,2,36,7
25/06/2026,3,53,6
25/06/2026,3,50,18
25/06/2026,3,40,12
25/06/2026,3,44,10
25/06/2026,3,25,7
25/06/2026,1,7,12
25/06/2026,2,35,17
25/06/2026,2,22,17
25/06/2026,2,28,19
25/06/2026,2,38,19
25/06/2026,2,32,14
25/06/2026,3,44,18
25/06/2026,3,40,7
26/06/2026,1,14,11
26/06/2026,1,6,7
26/06/2026,2,33,8
26/06/2026,2,29,14
26/06/2026,3,54,5
26/06/2026,1,13,13
26/06/2026,1,2,11
26/06/2026,1,1,11
26/06/2026,1,18,12
26/06/2026,2,32,10
26/06/2026,2,30,12
26/06/2026,2,34,17
26/06/2026,2,36,5
26/06/2026,2,23,18
26/06/2026,3,53,18
26/06/2026,1,11,16
26/06/2026,1,15,19
26/06/2026,1,38,18
26/06/2026,1,17,6
26/06/2026,2,35,11
26/06/2026,2,20,7
26/06/2026,2,27,11
26/06/2026,3,39,19
26/06/2026,3,45,19
26/06/2026,3,50,9
26/06/2026,3,20,16
26/06/2026,3,23,5
27/06/2026,1,18,11
27/06/2026,1,21,7
27/06/2026,1,6,5
27/06/2026,2,24,8
27/06/2026,2,28,15
27/06/2026,2,26,9
27/06/2026,3,23,17
27/06/2026,1,11,5
27/06/2026,1,14,16
27/06/2026,1,10,15
27/06/2026,2,33,9
27/06/2026,2,30,11
27/06/2026,3,22,10
27/06/2026,3,48,12
27/06/2026,1,17,10
27/06/2026,1,9,10
27/06/2026,1,5,6
27/06/2026,2,34,10
27/06/2026,3,20,5
27/06/2026,3,40,19
28/06/2026,1,14,5
28/06/2026,1,14,12
28/06/2026,1,3,9
28/06/2026,1,14,6
28/06/2026,2,39,15
28/06/2026,2,31,14
28/06/2026,3,45,5
28/06/2026,3,48,16
28/06/2026,3,51,19
28/06/2026,3,23,18
28/06/2026,3,39,10
28/06/2026,1,16,20
28/06/2026,2,36,16
28/06/2026,2,24,7
28/06/2026,2,37,14
28/06/2026,2,37,6
28/06/2026,3,27,11
28/06/2026,3,45,18
28/06/2026,3,42,20
28/06/2026,3,27,19
28/06/2026,3,47,13
28/06/2026,1,9,13
28/06/2026,1,15,15
28/06/2026,2,37,20
28/06/2026,2,32,8
28/06/2026,2,25,16
28/06/2026,2,25,14
28/06/2026,3,40,19
29/06/2026,1,9,8
29/06/2026,1,7,5
29/06/2026,1,21,5
29/06/2026,1,15,7
29/06/2026,1,6,13
29/06/2026,2,36,14
29/06/2026,2,36,6
29/06/2026,3,52,13
29/06/2026,3,41,13
29/06/2026,3,49,12
29/06/2026,3,25,9
29/06/2026,3,30,17
29/06/2026,1,13,9
29/06/2026,1,12,5
29/06/2026,1,17,7
29/06/2026,1,11,19
29/06/2026,2,22,12
29/06/2026,3,47,10
29/06/2026,3,52,13
29/06/2026,3,25,6
29/06/2026,1,13,8
29/06/2026,1,6,9
29/06/2026,1,18,7
29/06/2026,1,16,12
29/06/2026,1,4,5
29/06/2026,2,29,6
29/06/2026,2,31,6
29/06/2026,2,29,12
29/06/2026,3,51,10
29/06/2026,3,43,17
29/06/2026,3,30,6
29/06/2026,3,53,15
29/06/2026,3,40,13
30/06/2026,1,1,6
30/06/2026,1,17,6
30/06/2026,1,5,19
30/06/2026,1,14,19
30/06/2026,1,11,11
30/06/2026,2,29,11
30/06/2026,2,39,11
30/06/2026,2,20,11
30/06/2026,3,39,15
30/06/2026,3,53,5
30/06/2026,3,50,6
30/06/2026,3,52,7
30/06/2026,3,39,10
30/06/2026,1,7,10
30/06/2026,1,11,9
30/06/2026,2,33,13
30/06/2026,2,37,16
30/06/2026,2,32,20
30/06/2026,2,25,5
30/06/2026,2,33,9
30/06/2026,3,41,7
30/06/2026,3,40,5
30/06/2026,3,39,8
30/06/2026,3,30,6
30/06/2026,3,42,5
30/06/2026,1,6,8
30/06/2026,1,10,8
30/06/2026,1,9,7
30/06/2026,1,38,13
30/06/2026,2,35,18
30/06/2026,2,37,10
30/06/2026,2,30,20
30/06/2026,2,22,12
30/06/2026,3,39,19
30/06/2026,3,51,19
01/07/2026,1,21,16
01/07/2026,2,27,18
01/07/2026,2,31,20
01/07/2026,2,36,5
01/07/2026,2,35,8
01/07/2026,3,45,19
01/07/2026,1,16,14
01/07/2026,1,7,6
01/07/2026,2,27,10
01/07/2026,2,38,5
01/07/2026,3,49,19
01/07/2026,3,44,7
01/07/2026,3,23,16
01/07/2026,3,54,8
01/07/2026,1,9,7
01/07/2026,1,7,11
01/07/2026,2,38,15
01/07/2026,2,20,20
01/07/2026,2,37,12
01/07/2026,2,33,13
01/07/2026,2,26,16
01/07/2026,3,43,6
01/07/2026,3,40,16
01/07/2026,3,42,20
02/07/2026,1,16,18
02/07/2026,1,3,7
02/07/2026,1,38,18
02/07/2026,1,9,16
02/07/2026,1,18,8
02/07/2026,2,39,6
02/07/2026,2,26,14
02/07/2026,2,23,19
02/07/2026,2,25,7
02/07/2026,2,37,10
02/07/2026,3,23,20
02/07/2026,3,48,15
02/07/2026,3,49,11
02/07/2026,3,25,15
02/07/2026,1,18,19
02/07/2026,2,36,12
02/07/2026,2,38,10
02/07/2026,2,31,10
02/07/2026,2,39,15
02/07/2026,3,39,16
02/07/2026,3,47,8
02/07/2026,1,12,18
02/07/2026,1,17,17
02/07/2026,1,16,15
02/07/2026,2,35,8
02/07/2026,2,31,5
02/07/2026,2,24,14
02/07/2026,2,26,17
02/07/2026,3,48,12
02/07/2026,3,30,6
03/07/2026,1,21,8
03/07/2026,1,9,7
03/07/2026,1,6,8
03/07/2026,1,10,11
03/07/2026,1,10,11
03/07/2026,2,31,12
03/07/2026,2,38,19
03/07/2026,2,20,15
03/07/2026,3,42,18
03/07/2026,3,41,9
03/07/2026,3,41,5
03/07/2026,3,55,10
03/07/2026,3,47,17
03/07/2026,1,4,15
03/07/2026,1,1,19
03/07/2026,1,6,12
03/07/2026,2,37,8
03/07/2026,3,49,12
03/07/2026,1,5,11
03/07/2026,1,13,12
03/07/2026,1,38,8
03/07/2026,1,2,5
03/07/2026,1,10,19
03/07/2026,2,29,11
03/07/2026,2,26,18
03/07/2026,2,32,10
03/07/2026,2,28,10
03/07/2026,3,54,6
04/07/2026,1,19,18
04/07/2026,1,5,19
04/07/2026,1,18,18
04/07/2026,1,10,10
04/07/2026,1,12,12
04/07/2026,2,38,19
04/07/2026,2,30,13
04/07/2026,2,28,12
04/07/2026,3,44,13
04/07/2026,3,55,20
04/07/2026,3,51,6
04/07/2026,1,6,10
04/07/2026,2,22,6
04/07/2026,2,29,19
04/07/2026,2,29,16
04/07/2026,3,23,20
04/07/2026,1,13,16
04/07/2026,1,21,9
04/07/2026,1,19,10
04/07/2026,1,11,11
04/07/2026,2,36,11
04/07/2026,2,31,5
04/07/2026,2,28,8
04/07/2026,2,36,11
04/07/2026,3,54,8
04/07/2026,3,39,20
04/07/2026,3,25,14
04/07/2026,3,47,9
05/07/2026,1,10,10
05/07/2026,1,9,18
05/07/2026,1,10,9
05/07/2026,1,7,9
05/07/2026,1,21,15
05/07/2026,2,27,11
05/07/2026,2,34,19
05/07/2026,3,47,19
05/07/2026,3,25,7
05/07/2026,3,54,19
05/07/2026,1,14,9
05/07/2026,1,3,13
05/07/2026,2,29,5
05/07/2026,3,42,9
05/07/2026,3,42,14
05/07/2026,1,5,19
05/07/2026,1,4,6
05/07/2026,2,24,14
05/07/2026,2,25,7
05/07/2026,2,28,11
05/07/2026,2,34,15
05/07/2026,2,22,8
05/07/2026,3,45,13
05/07/2026,3,25,12
05/07/2026,3,22,11
05/07/2026,3,55,15
05/07/2026,3,30,16
06/07/2026,1,1,9
06/07/2026,1,6,6
06/07/2026,2,26,17
06/07/2026,3,43,12
06/07/2026,3,20,19
06/07/2026,1,19,16
06/07/2026,1,19,15
06/07/2026,1,11,6
06/07/2026,1,19,10
06/07/2026,1,4,10
06/07/2026,2,22,5
06/07/2026,2,36,16
06/07/2026,2,37,14
06/07/2026,2,38,16
06/07/2026,2,38,16
06/07/2026,3,27,20
06/07/2026,3,44,6
06/07/2026,3,46,18
06/07/2026,3,53,6
06/07/2026,3,54,14
06/07/2026,1,5,10
06/07/2026,1,2,9
06/07/2026,1,14,13
06/07/2026,2,30,13
06/07/2026,2,36,5
06/07/2026,2,26,12
06/07/2026,2,28,11
06/07/2026,2,27,15
06/07/2026,3,40,20
06/07/2026,3,27,7
06/07/2026,3,43,9
06/07/2026,3,27,19
06/07/2026,3,55,16
07/07/2026,1,12,13
07/07/2026,1,11,9
07/07/2026,2,25,16
07/07/2026,2,35,5
07/07/2026,3,42,10
07/07/2026,3,22,5
07/07/2026,3,41,16
07/07/2026,3,30,14
07/07/2026,1,3,10
07/07/2026,1,14,17
07/07/2026,1,17,8
07/07/2026,1,11,6
07/07/2026,2,28,12
07/07/2026,2,24,9
07/07/2026,3,41,11
07/07/2026,3,52,7
07/07/2026,1,12,14
07/07/2026,1,16,18
07/07/2026,1,15,16
07/07/2026,2,34,6
07/07/2026,2,39,6
07/07/2026,2,39,17
07/07/2026,2,37,6
07/07/2026,2,37,8
07/07/2026,3,41,17
07/07/2026,3,40,15
07/07/2026,3,30,5
07/07/2026,3,23,17
08/07/2026,1,2,20
08/07/2026,1,10,11
08/07/2026,2,32,20
08/07/2026,3,55,18
08/07/2026,3,48,8
08/07/2026,3,50,6
08/07/2026,3,39,18
08/07/2026,3,50,11
08/07/2026,1,14,15
08/07/2026,2,28,17
08/07/2026,2,27,11
08/07/2026,2,26,20
08/07/2026,2,26,7
08/07/2026,3,41,10
08/07/2026,3,41,19
08/07/2026,3,54,12
08/07/2026,3,55,14
08/07/2026,1,15,14
08/07/2026,1,5,5
08/07/2026,1,19,12
08/07/2026,1,3,18
08/07/2026,1,19,15
08/07/2026,2,29,20
08/07/2026,2,28,10
08/07/2026,2,25,18
08/07/2026,2,33,15
08/07/2026,3,48,14
08/07/2026,3,55,18
08/07/2026,3,42,11
09/07/2026,1,8,13
09/07/2026,1,10,12
09/07/2026,2,33,17
09/07/2026,2,26,6
09/07/2026,2,24,12
09/07/2026,3,45,12
09/07/2026,3,22,18
09/07/2026,3,49,18
09/07/2026,1,21,8
09/07/2026,1,6,13
09/07/2026,2,37,11
09/07/2026,2,27,8
09/07/2026,2,26,13
09/07/2026,2,32,20
09/07/2026,2,30,11
09/07/2026,3,39,11
09/07/2026,3,30,6
09/07/2026,3,51,8
09/07/2026,3,41,10
09/07/2026,3,30,19
09/07/2026,1,2,11
09/07/2026,1,38,18
09/07/2026,1,3,12
09/07/2026,1,21,6
09/07/2026,2,30,12
09/07/2026,2,20,8
09/07/2026,2,29,18
09/07/2026,3,51,7
09/07/2026,3,48,15
10/07/2026,1,9,17
10/07/2026,2,23,8
10/07/2026,3,53,6
10/07/2026,1,17,10
10/07/2026,2,31,6
10/07/2026,2,34,17
10/07/2026,3,30,17
10/07/2026,3,42,12
10/07/2026,3,53,13
10/07/2026,3,25,14
10/07/2026,3,48,8
10/07/2026,1,9,5
10/07/2026,1,18,20
10/07/2026,1,1,15
10/07/2026,1,15,7
10/07/2026,1,2,12
10/07/2026,2,22,6
10/07/2026,2,22,7
10/07/2026,2,30,20
10/07/2026,3,55,19
10/07/2026,3,53,11
10/07/2026,3,40,20
10/07/2026,3,41,14
10/07/2026,3,51,7
11/07/2026,1,2,19
11/07/2026,1,2,9
11/07/2026,2,20,6
11/07/2026,2,22,13
11/07/2026,3,55,7
11/07/2026,3,25,12
11/07/2026,3,40,5
11/07/2026,3,46,19
11/07/2026,3,41,14
11/07/2026,1,17,16
11/07/2026,1,15,19
11/07/2026,1,13,20
11/07/2026,1,2,18
11/07/2026,2,33,12
11/07/2026,2,31,14
11/07/2026,2,28,20
11/07/2026,2,30,15
11/07/2026,3,54,7
11/07/2026,1,15,17
11/07/2026,1,17,13
11/07/2026,2,20,11
11/07/2026,2,37,18
11/07/2026,3,22,7
12/07/2026,1,1,17
12/07/2026,1,38,9
12/07/2026,2,26,15
12/07/2026,2,22,5
12/07/2026,2,29,6
12/07/2026,2,23,10
12/07/2026,2,28,11
12/07/2026,3,55,12
12/07/2026,3,54,19
12/07/2026,3,42,18
12/07/2026,1,15,15
12/07/2026,1,18,13
12/07/2026,1,11,18
12/07/2026,1,8,12
12/07/2026,1,8,14
12/07/2026,2,28,11
12/07/2026,2,35,20
12/07/2026,2,23,7
12/07/2026,2,39,9
12/07/2026,3,39,11
12/07/2026,1,38,7
12/07/2026,1,16,10
12/07/2026,1,11,9
12/07/2026,2,38,10
12/07/2026,3,50,7
12/07/2026,3,22,17
12/07/2026,3,41,12
12/07/2026,3,22,5
12/07/2026,3,30,17
13/07/2026,1,10,8
13/07/2026,1,6,11
13/07/2026,1,38,20
13/07/2026,2,23,13
13/07/2026,2,22,8
13/07/2026,3,50,11
13/07/2026,3,23,16
13/07/2026,3,20,9
13/07/2026,3,51,7
13/07/2026,1,6,13
13/07/2026,1,13,13
13/07/2026,1,1,17
13/07/2026,1,18,13
13/07/2026,1,16,11
13/07/2026,2,23,7
13/07/2026,2,36,15
13/07/2026,3,23,9
13/07/2026,3,40,15
13/07/2026,3,44,9
13/07/2026,3,27,13
13/07/2026,1,5,16
13/07/2026,2,23,7
13/07/2026,2,38,13
13/07/2026,2,29,19
13/07/2026,3,22,18
13/07/2026,3,55,15
13/07/2026,3,53,13
13/07/2026,3,41,8
14/07/2026,1,3,17
14/07/2026,1,5,8
14/07/2026,1,12,13
14/07/2026,1,13,8
14/07/2026,1,13,11
14/07/2026,2,22,7
14/07/2026,2,38,14
14/07/2026,3,20,8
14/07/2026,3,44,14
14/07/2026,1,10,20
14/07/2026,1,11,6
14/07/2026,2,33,16
14/07/2026,3,20,5
14/07/2026,1,7,12
14/07/2026,1,2,16
14/07/2026,2,39,13
14/07/2026,2,39,10
14/07/2026,2,22,14
14/07/2026,2,26,10
14/07/2026,2,30,19
14/07/2026,3,40,5
14/07/2026,3,20,18
14/07/2026,3,49,15
14/07/2026,3,27,17
15/07/2026,1,38,7
15/07/2026,1,1,14
15/07/2026,1,8,15
15/07/2026,1,17,18
15/07/2026,1,8,8
15/07/2026,2,24,7
15/07/2026,2,35,19
15/07/2026,2,23,6
15/07/2026,2,33,20
15/07/2026,2,33,6
15/07/2026,3,39,19
15/07/2026,3,51,20
15/07/2026,3,23,13
15/07/2026,1,18,9
15/07/2026,1,3,20
15/07/2026,1,17,12
15/07/2026,1,5,8
15/07/2026,2,33,17
15/07/2026,2,28,15
15/07/2026,3,52,20
15/07/2026,3,30,7
15/07/2026,3,43,6
15/07/2026,3,47,5
15/07/2026,1,9,14
15/07/2026,1,11,17
15/07/2026,1,2,17
15/07/2026,1,13,11
15/07/2026,2,22,12
15/07/2026,3,53,10
15/07/2026,3,53,6
15/07/2026,3,50,9
16/07/2026,1,7,17
16/07/2026,1,7,16
16/07/2026,1,9,20
16/07/2026,2,24,17
16/07/2026,2,27,8
16/07/2026,2,30,19
16/07/2026,2,23,16
16/07/2026,3,30,12
16/07/2026,3,44,14
16/07/2026,1,4,8
16/07/2026,1,13,5
16/07/2026,1,13,11
16/07/2026,2,20,5
16/07/2026,3,39,7
16/07/2026,3,49,8
16/07/2026,3,43,13
16/07/2026,3,48,16
16/07/2026,3,42,20
16/07/2026,1,10,13
16/07/2026,1,12,18
16/07/2026,1,4,8
16/07/2026,2,33,17
16/07/2026,2,38,17
16/07/2026,3,50,20
17/07/2026,1,19,5
17/07/2026,1,7,13
17/07/2026,1,18,8
17/07/2026,1,8,19
17/07/2026,2,22,15
17/07/2026,2,31,6
17/07/2026,2,36,13
17/07/2026,2,33,14
17/07/2026,3,40,15
17/07/2026,3,40,7
17/07/2026,3,22,10
17/07/2026,3,50,16
17/07/2026,1,14,15
17/07/2026,1,7,11
17/07/2026,1,1,19
17/07/2026,1,9,17
17/07/2026,1,19,13
17/07/2026,2,25,9
17/07/2026,3,22,15
17/07/2026,1,17,18
17/07/2026,1,5,20
17/07/2026,2,25,20
17/07/2026,2,28,15
17/07/2026,2,32,18
17/07/2026,3,52,13
17/07/2026,3,55,12
17/07/2026,3,43,7
17/07/2026,3,27,17
17/07/2026,3,54,18
18/07/2026,1,13,16
18/07/2026,1,14,10
18/07/2026,2,23,5
18/07/2026,2,22,11
18/07/2026,3,51,8
18/07/2026,3,22,15
18/07/2026,1,21,17
18/07/2026,1,21,11
18/07/2026,2,26,8
18/07/2026,2,22,7
18/07/2026,2,20,12
18/07/2026,2,29,14
18/07/2026,2,30,8
18/07/2026,3,30,19
18/07/2026,3,49,13
18/07/2026,3,42,13
18/07/2026,3,45,7
18/07/2026,1,12,14
18/07/2026,1,13,16
18/07/2026,1,9,11
18/07/2026,1,12,6
18/07/2026,1,9,6
18/07/2026,2,20,11
18/07/2026,2,36,16
18/07/2026,2,25,12
18/07/2026,2,30,9
18/07/2026,2,27,20
18/07/2026,3,30,9
18/07/2026,3,49,14
18/07/2026,3,47,6
18/07/2026,3,41,12
19/07/2026,1,38,8
19/07/2026,1,4,14
19/07/2026,2,28,14
19/07/2026,2,24,6
19/07/2026,2,25,15
19/07/2026,3,23,15
19/07/2026,3,41,5
19/07/2026,3,40,8
19/07/2026,1,11,6
19/07/2026,1,38,7
19/07/2026,2,33,15
19/07/2026,2,30,17
19/07/2026,2,20,6
19/07/2026,2,26,9
19/07/2026,3,44,6
19/07/2026,3,25,5
19/07/2026,3,22,19
19/07/2026,1,1,9
19/07/2026,1,3,16
19/07/2026,1,9,13
19/07/2026,2,38,20
19/07/2026,3,27,17
19/07/2026,3,49,7
19/07/2026,3,53,20
20/07/2026,1,17,12
20/07/2026,1,7,18
20/07/2026,2,27,14
20/07/2026,2,34,13
20/07/2026,2,33,8
20/07/2026,2,33,15
20/07/2026,2,36,13
20/07/2026,3,45,5
20/07/2026,3,43,19
20/07/2026,1,8,13
20/07/2026,1,7,19
20/07/2026,1,12,11
20/07/2026,2,36,16
20/07/2026,2,32,19
20/07/2026,2,37,19
20/07/2026,2,28,6
20/07/2026,2,32,15
20/07/2026,3,48,17
20/07/2026,3,53,14
20/07/2026,1,15,10
20/07/2026,1,2,10
20/07/2026,1,18,17
20/07/2026,1,21,11
20/07/2026,1,18,10
20/07/2026,2,38,16
20/07/2026,2,36,8
20/07/2026,2,35,14
20/07/2026,2,34,5
20/07/2026,3,42,5
20/07/2026,3,54,19
20/07/2026,3,45,15
20/07/2026,3,52,7
20/07/2026,3,46,7
21/07/2026,1,6,17
21/07/2026,1,38,12
21/07/2026,1,5,12
21/07/2026,2,28,16
21/07/2026,2,26,5
21/07/2026,2,27,20
21/07/2026,3,45,13
21/07/2026,3,41,15
21/07/2026,3,52,15
21/07/2026,3,22,8
21/07/2026,1,4,12
21/07/2026,1,9,6
21/07/2026,1,13,12
21/07/2026,1,15,20
21/07/2026,2,25,16
21/07/2026,2,32,5
21/07/2026,2,29,14
21/07/2026,2,24,20
21/07/2026,2,28,7
21/07/2026,3,43,2
21/07/2026,3,51,8
21/07/2026,3,44,7
21/07/2026,3,50,5
21/07/2026,1,8,17
21/07/2026,1,7,20
21/07/2026,1,12,12
21/07/2026,1,18,15
21/07/2026,1,7,13
21/07/2026,1,12,12
21/07/2026,1,18,30
21/07/2026,1,9,17
21/07/2026,2,20,13
21/07/2026,2,20,5
21/07/2026,2,35,17
21/07/2026,2,26,17
21/07/2026,3,52,10
22/07/2026,1,6,8
22/07/2026,2,30,5
22/07/2026,2,29,5
22/07/2026,2,39,5
22/07/2026,2,36,5
22/07/2026,2,35,13
22/07/2026,3,39,6
22/07/2026,3,27,4
22/07/2026,3,30,8
22/07/2026,3,54,5
22/07/2026,1,12,12
22/07/2026,1,9,16
22/07/2026,1,18,9
22/07/2026,1,1,20
22/07/2026,2,25,15
22/07/2026,3,25,19
22/07/2026,3,27,13
22/07/2026,3,42,10
22/07/2026,3,20,16
22/07/2026,3,22,12
22/07/2026,1,9,14
22/07/2026,1,38,14
22/07/2026,1,1,5
22/07/2026,1,3,12
22/07/2026,2,31,8
22/07/2026,3,30,12
23/07/2026,1,15,9
23/07/2026,1,7,13
23/07/2026,1,17,19
23/07/2026,1,7,10
23/07/2026,1,15,16
23/07/2026,2,31,13
23/07/2026,2,34,19
23/07/2026,2,24,5
23/07/2026,2,26,8
23/07/2026,2,24,18
23/07/2026,3,50,12
23/07/2026,1,19,12
23/07/2026,1,3,8
23/07/2026,1,9,18
23/07/2026,1,13,40
23/07/2026,1,19,15
23/07/2026,2,25,11
23/07/2026,2,29,19
23/07/2026,2,23,7
23/07/2026,3,54,15
23/07/2026,3,54,8
23/07/2026,1,15,12
23/07/2026,2,29,10
23/07/2026,2,24,7
23/07/2026,2,24,8
23/07/2026,3,27,12
24/07/2026,1,21,5
24/07/2026,2,31,10
24/07/2026,2,34,6
24/07/2026,2,25,18
24/07/2026,3,48,16
24/07/2026,3,54,19
24/07/2026,3,22,5
24/07/2026,1,8,10
24/07/2026,1,19,14
24/07/2026,1,11,15
24/07/2026,1,8,14
24/07/2026,1,13,7
24/07/2026,2,25,9
24/07/2026,3,49,10
24/07/2026,3,23,14
24/07/2026,3,54,15
24/07/2026,3,53,9
24/07/2026,3,48,15
24/07/2026,1,21,20
24/07/2026,1,15,8
24/07/2026,1,4,20
24/07/2026,1,14,9
24/07/2026,2,31,12
24/07/2026,2,35,9
24/07/2026,3,43,17
24/07/2026,3,27,7
24/07/2026,3,22,12
25/07/2026,1,16,18
25/07/2026,1,6,9
25/07/2026,1,2,13
25/07/2026,1,10,9
25/07/2026,2,20,6
25/07/2026,2,36,13
25/07/2026,3,25,12
25/07/2026,3,50,15
25/07/2026,1,21,18
25/07/2026,1,3,15
25/07/2026,1,21,7
25/07/2026,1,9,16
25/07/2026,1,16,16
25/07/2026,2,37,16
25/07/2026,2,24,6
25/07/2026,2,38,8
25/07/2026,2,24,9
25/07/2026,2,22,20
25/07/2026,3,43,18
25/07/2026,1,21,7
25/07/2026,1,9,12
25/07/2026,1,18,10
25/07/2026,2,38,20
25/07/2026,3,20,20
25/07/2026,3,48,17
26/07/2026,1,11,9
26/07/2026,1,12,11
26/07/2026,2,33,7
26/07/2026,2,25,10
26/07/2026,2,24,13
26/07/2026,2,24,6
26/07/2026,3,47,9
26/07/2026,1,13,11
26/07/2026,1,7,5
26/07/2026,1,15,11
26/07/2026,1,1,9
26/07/2026,1,9,5
26/07/2026,2,23,15
26/07/2026,2,37,16
26/07/2026,2,35,7
26/07/2026,2,20,18
26/07/2026,2,22,5
26/07/2026,3,51,20
26/07/2026,3,55,8
26/07/2026,3,27,20
26/07/2026,3,48,19
26/07/2026,3,54,9
26/07/2026,1,21,17
26/07/2026,1,18,6
26/07/2026,2,31,14
26/07/2026,2,35,12
26/07/2026,2,34,7
26/07/2026,2,38,12
26/07/2026,2,37,13
26/07/2026,3,54,13
26/07/2026,3,44,12
27/07/2026,1,18,10
27/07/2026,2,31,5
27/07/2026,2,39,15
27/07/2026,2,30,12
27/07/2026,3,43,12
27/07/2026,3,23,15
27/07/2026,3,55,8
27/07/2026,1,16,11
27/07/2026,2,32,6
27/07/2026,2,39,18
27/07/2026,2,39,11
27/07/2026,2,23,13
27/07/2026,2,33,6
27/07/2026,3,54,19
27/07/2026,1,14,13
27/07/2026,1,10,18
27/07/2026,1,8,12
27/07/2026,1,10,20
27/07/2026,1,2,16
27/07/2026,2,34,16
27/07/2026,3,40,12
28/07/2026,1,3,11
28/07/2026,1,15,8
28/07/2026,1,17,12
28/07/2026,2,22,10
28/07/2026,2,31,6
28/07/2026,3,45,7
28/07/2026,3,39,9
28/07/2026,1,10,16
28/07/2026,1,13,16
28/07/2026,1,15,18
28/07/2026,1,8,10
28/07/2026,1,19,18
28/07/2026,2,30,19
28/07/2026,2,31,16
28/07/2026,2,33,20
28/07/2026,2,36,8
28/07/2026,2,24,19
28/07/2026,3,44,19
28/07/2026,3,51,10
28/07/2026,3,23,5
28/07/2026,1,12,20
28/07/2026,1,38,10
28/07/2026,1,12,17
28/07/2026,1,13,14
28/07/2026,2,38,7
28/07/2026,2,36,5
28/07/2026,3,52,18
28/07/2026,3,46,5
28/07/2026,3,42,18
28/07/2026,3,45,10
29/07/2026,1,5,16
29/07/2026,1,91,6
29/07/2026,1,67,14
29/07/2026,1,67,6
29/07/2026,2,69,21
29/07/2026,2,35,16
29/07/2026,2,70,5
29/07/2026,2,33,18
29/07/2026,2,34,20
29/07/2026,2,27,5
29/07/2026,3,55,12
29/07/2026,3,25,3
29/07/2026,3,79,6
29/07/2026,1,81,13
29/07/2026,1,57,21
29/07/2026,1,14,12
29/07/2026,1,4,13
29/07/2026,1,21,11
29/07/2026,2,26,9
29/07/2026,3,53,21
29/07/2026,3,75,21
29/07/2026,3,23,16
29/07/2026,3,86,9
29/07/2026,1,38,24
29/07/2026,2,25,18
29/07/2026,2,23,9
29/07/2026,2,31,7
29/07/2026,2,89,17
29/07/2026,3,65,11
29/07/2026,3,86,21
29/07/2026,3,22,3
29/07/2026,3,25,4
30/07/2026,1,21,18
30/07/2026,1,4,5
30/07/2026,1,17,6
30/07/2026,1,74,14
30/07/2026,1,17,9
30/07/2026,2,33,4
30/07/2026,2,69,7
30/07/2026,3,54,16
30/07/2026,3,88,7
30/07/2026,3,39,19
30/07/2026,1,95,16
30/07/2026,2,22,3
30/07/2026,2,93,5
30/07/2026,2,27,22
30/07/2026,3,22,25
30/07/2026,3,80,25
30/07/2026,1,83,7
30/07/2026,1,14,11
30/07/2026,1,82,17
30/07/2026,1,17,5
30/07/2026,1,74,20
30/07/2026,1,19,13
30/07/2026,2,70,16
30/07/2026,2,32,5
30/07/2026,2,70,19
30/07/2026,3,62,18
30/07/2026,3,41,9
30/07/2026,3,52,5
30/07/2026,3,72,18
30/07/2026,3,72,5
30/07/2026,3,55,5
31/07/2026,1,92,7
31/07/2026,1,9,14
31/07/2026,1,15,9
31/07/2026,1,4,15
31/07/2026,1,2,4
31/07/2026,1,19,14
31/07/2026,1,64,12
31/07/2026,1,13,10
31/07/2026,1,92,13
31/07/2026,1,64,3
31/07/2026,2,78,3
31/07/2026,3,20,3
31/07/2026,3,39,8
31/07/2026,3,98,8
31/07/2026,1,93,12
31/07/2026,2,37,10
31/07/2026,2,26,2
31/07/2026,2,69,11
31/07/2026,2,27,10
31/07/2026,3,51,11
31/07/2026,3,50,7
31/07/2026,3,90,9
31/07/2026,3,27,2
31/07/2026,3,45,15
31/07/2026,3,90,9
31/07/2026,3,61,12
31/07/2026,3,48,3
31/07/2026,3,46,2
31/07/2026,1,92,8
31/07/2026,1,93,3
31/07/2026,1,92,5
31/07/2026,1,91,4
31/07/2026,1,59,4
31/07/2026,1,95,7
31/07/2026,2,32,3
31/07/2026,2,23,15
31/07/2026,2,27,2
31/07/2026,2,24,2
31/07/2026,2,34,1
31/07/2026,2,68,11
31/07/2026,2,96,2
31/07/2026,3,39,9
31/07/2026,3,65,9
31/07/2026,3,88,13
31/07/2026,3,75,13
31/07/2026,3,41,7
31/07/2026,3,41,10
31/07/2026,3,20,5
31/07/2026,3,56,14
31/07/2026,3,56,14
31/07/2026,3,52,11
31/07/2026,1,93,13
31/07/2026,1,84,13
31/07/2026,1,63,6
31/07/2026,1,10,8
31/07/2026,1,13,4
31/07/2026,1,16,2
31/07/2026,2,37,5
31/07/2026,2,33,2
31/07/2026,3,53,5
31/07/2026,3,80,2
31/07/2026,3,61,6
31/07/2026,3,61,4
31/07/2026,3,94,1
31/07/2026,3,51,7
31/07/2026,3,53,6
31/07/2026,3,85,8
31/07/2026,3,47,10
01/08/2026,1,14,15
01/08/2026,1,82,10
01/08/2026,1,92,7
01/08/2026,2,23,13
01/08/2026,2,78,13
01/08/2026,2,31,3
01/08/2026,3,62,13
01/08/2026,3,80,15
01/08/2026,3,60,13
01/08/2026,3,65,7
01/08/2026,1,1,14
01/08/2026,1,15,11
01/08/2026,1,4,5
01/08/2026,1,12,1
01/08/2026,1,83,13
01/08/2026,2,30,8
01/08/2026,2,29,14
01/08/2026,2,29,8
01/08/2026,2,57,15
01/08/2026,2,27,6
01/08/2026,3,41,1
01/08/2026,1,95,12
01/08/2026,1,64,10
01/08/2026,1,84,13
01/08/2026,1,17,7
01/08/2026,2,70,2
01/08/2026,2,39,5
01/08/2026,2,70,4
01/08/2026,2,88,11
01/08/2026,3,77,5
01/08/2026,3,23,3
01/08/2026,1,91,7
01/08/2026,1,74,11
01/08/2026,1,95,10
01/08/2026,2,25,15
01/08/2026,2,24,6
01/08/2026,2,36,5
01/08/2026,2,32,2
01/08/2026,3,100,8
01/08/2026,3,47,4
01/08/2026,1,71,15
01/08/2026,1,64,12
01/08/2026,2,36,11
01/08/2026,2,38,1
01/08/2026,2,31,8
01/08/2026,2,38,7
01/08/2026,3,47,12
01/08/2026,1,3,7
01/08/2026,1,12,12
01/08/2026,1,92,4
01/08/2026,1,57,4
01/08/2026,2,28,15
01/08/2026,2,20,2
01/08/2026,3,53,5
01/08/2026,3,60,15
01/08/2026,3,100,5
01/08/2026,3,80,14
02/08/2026,1,14,13
02/08/2026,1,4,7
02/08/2026,2,79,14
02/08/2026,2,26,11
02/08/2026,2,26,13
02/08/2026,2,37,6
02/08/2026,3,61,3
02/08/2026,3,51,10
02/08/2026,3,25,13
02/08/2026,3,85,14
02/08/2026,3,76,12
02/08/2026,1,93,1
02/08/2026,1,82,6
02/08/2026,1,64,9
02/08/2026,1,8,8
02/08/2026,2,87,11
02/08/2026,3,67,3
02/08/2026,3,66,5
02/08/2026,3,40,15
02/08/2026,3,44,8
02/08/2026,3,61,1
02/08/2026,1,57,14
02/08/2026,1,10,10
02/08/2026,1,21,5
02/08/2026,1,67,1
02/08/2026,1,7,2
02/08/2026,2,24,15
02/08/2026,2,27,5
02/08/2026,2,96,15
02/08/2026,2,26,14
02/08/2026,2,96,2
02/08/2026,2,29,12
02/08/2026,3,47,2
02/08/2026,1,67,7
02/08/2026,1,17,5
02/08/2026,2,79,15
02/08/2026,2,26,3
02/08/2026,2,38,11
02/08/2026,2,30,8
02/08/2026,3,98,6
02/08/2026,1,84,15
02/08/2026,1,95,14
02/08/2026,2,96,6
02/08/2026,2,38,6
02/08/2026,2,87,4
02/08/2026,2,29,15
02/08/2026,2,69,6
02/08/2026,2,23,7
02/08/2026,3,98,11
02/08/2026,3,41,9
02/08/2026,1,91,5
02/08/2026,1,18,11
02/08/2026,1,11,1
02/08/2026,1,7,11
02/08/2026,2,39,5
02/08/2026,2,32,10
02/08/2026,2,68,2
02/08/2026,2,78,2
02/08/2026,2,33,9
02/08/2026,2,36,3
02/08/2026,3,52,14
02/08/2026,3,90,11
02/08/2026,3,25,1
02/08/2026,3,58,8
02/08/2026,1,4,4
02/08/2026,1,91,5
02/08/2026,1,81,9
02/08/2026,1,91,15
02/08/2026,1,91,8
02/08/2026,2,70,9
02/08/2026,2,96,2
02/08/2026,2,80,4
02/08/2026,3,30,8
02/08/2026,3,75,14
02/08/2026,3,46,3
03/08/2026,1,4,13
03/08/2026,1,84,15
03/08/2026,2,39,1
03/08/2026,3,66,7
03/08/2026,3,85,4
03/08/2026,3,20,3
03/08/2026,1,59,14
03/08/2026,1,67,3
03/08/2026,1,64,5
03/08/2026,1,67,3
03/08/2026,2,20,12
03/08/2026,2,33,9
03/08/2026,2,28,2
03/08/2026,2,96,7
03/08/2026,2,22,5
03/08/2026,2,68,8
03/08/2026,3,45,1
03/08/2026,3,66,2
03/08/2026,3,20,15
03/08/2026,3,53,7
03/08/2026,3,94,14
03/08/2026,1,91,9
03/08/2026,1,8,11
03/08/2026,1,5,12
03/08/2026,1,74,4
03/08/2026,2,78,13
03/08/2026,3,48,5
03/08/2026,3,41,1
03/08/2026,3,98,10
03/08/2026,1,3,15
03/08/2026,1,3,15
03/08/2026,1,38,9
03/08/2026,1,82,6
03/08/2026,2,25,4
03/08/2026,2,79,6
03/08/2026,2,24,5
03/08/2026,2,36,10
03/08/2026,3,52,10
03/08/2026,3,53,6
03/08/2026,3,94,15
03/08/2026,3,77,12
03/08/2026,3,72,11
03/08/2026,1,5,13
03/08/2026,1,59,2
03/08/2026,2,78,9
03/08/2026,2,80,12
03/08/2026,3,90,15
03/08/2026,3,98,5
03/08/2026,1,59,9
03/08/2026,1,3,13
03/08/2026,1,64,3
03/08/2026,1,17,2
03/08/2026,1,84,11
03/08/2026,2,78,1
03/08/2026,2,69,15
03/08/2026,2,89,7
03/08/2026,3,67,15
03/08/2026,1,11,3
03/08/2026,1,91,8
03/08/2026,1,73,14
03/08/2026,1,8,7
03/08/2026,1,93,12
03/08/2026,1,63,13
03/08/2026,2,29,1
03/08/2026,2,28,6
03/08/2026,2,28,11
03/08/2026,3,100,11
03/08/2026,3,47,11
03/08/2026,3,47,11
03/08/2026,3,45,6
03/08/2026,3,80,11
04/08/2026,1,18,9
04/08/2026,1,38,13
04/08/2026,1,15,9
04/08/2026,1,2,13
04/08/2026,2,27,2
04/08/2026,2,29,9
04/08/2026,3,40,9
04/08/2026,3,62,9
04/08/2026,3,20,2
04/08/2026,3,90,10
04/08/2026,1,83,5
04/08/2026,1,15,15
04/08/2026,1,83,1
04/08/2026,1,59,10
04/08/2026,1,84,14
04/08/2026,2,27,9
04/08/2026,2,33,15
04/08/2026,2,28,4
04/08/2026,2,57,1
04/08/2026,2,29,10
04/08/2026,2,25,8
04/08/2026,3,80,8
04/08/2026,3,45,14
04/08/2026,1,59,6
04/08/2026,1,95,9
04/08/2026,2,87,15
04/08/2026,2,31,1
04/08/2026,2,28,4
04/08/2026,2,88,2
04/08/2026,2,39,5
04/08/2026,3,20,3
04/08/2026,3,61,9
04/08/2026,3,23,6
04/08/2026,3,86,4
04/08/2026,3,80,15
04/08/2026,3,41,8
04/08/2026,1,18,7
04/08/2026,1,5,2
04/08/2026,1,14,1
04/08/2026,2,93,9
04/08/2026,2,34,9
04/08/2026,2,34,5
04/08/2026,3,52,10
04/08/2026,3,75,11
04/08/2026,3,97,1
04/08/2026,3,97,12
04/08/2026,3,57,10
04/08/2026,1,71,3
04/08/2026,1,81,15
04/08/2026,2,88,6
04/08/2026,2,36,8
04/08/2026,2,70,5
04/08/2026,2,31,14
04/08/2026,3,88,10
04/08/2026,3,46,14
04/08/2026,3,80,12
04/08/2026,3,30,1
04/08/2026,3,75,8
04/08/2026,1,63,14
04/08/2026,1,63,2
04/08/2026,1,10,9
04/08/2026,2,23,7
04/08/2026,2,69,1
04/08/2026,2,23,6
04/08/2026,2,87,13
04/08/2026,3,49,3
04/08/2026,3,61,4
04/08/2026,3,50,3
04/08/2026,3,42,9
04/08/2026,3,56,2
04/08/2026,1,10,15
04/08/2026,1,57,8
04/08/2026,1,13,12
04/08/2026,1,74,15
04/08/2026,2,35,6
04/08/2026,2,70,15
04/08/2026,2,57,5
04/08/2026,2,36,13
04/08/2026,2,26,8
04/08/2026,2,87,10
04/08/2026,3,66,8
04/08/2026,3,53,8
04/08/2026,3,67,12
04/08/2026,3,41,7
05/08/2026,1,57,3
05/08/2026,1,74,8
05/08/2026,1,7,6
05/08/2026,2,78,2
05/08/2026,3,50,2
05/08/2026,3,20,15
05/08/2026,3,99,14
05/08/2026,3,51,8
05/08/2026,1,13,13
05/08/2026,1,10,14
05/08/2026,2,79,2
05/08/2026,2,93,10
05/08/2026,2,35,11
05/08/2026,2,25,11
05/08/2026,3,58,2
05/08/2026,3,66,13
05/08/2026,3,46,6
05/08/2026,3,42,3
05/08/2026,1,8,2
05/08/2026,1,82,15
05/08/2026,1,14,1
05/08/2026,1,84,12
05/08/2026,1,15,7
05/08/2026,2,29,13
05/08/2026,2,34,7
05/08/2026,2,32,11
05/08/2026,2,24,11
05/08/2026,2,88,13
05/08/2026,3,85,3
05/08/2026,3,47,8
05/08/2026,3,72,10
05/08/2026,3,42,13
05/08/2026,1,5,2
05/08/2026,1,57,3
05/08/2026,1,63,15
05/08/2026,1,6,15
05/08/2026,2,36,10
05/08/2026,2,33,2
05/08/2026,2,87,6
05/08/2026,2,93,4
05/08/2026,2,34,14
05/08/2026,3,44,4
05/08/2026,3,42,2
05/08/2026,3,48,13
05/08/2026,3,88,6
05/08/2026,3,52,2
05/08/2026,1,11,12
05/08/2026,1,3,7
05/08/2026,1,11,4
05/08/2026,1,7,7
05/08/2026,2,25,1
05/08/2026,2,25,7
05/08/2026,3,72,12
05/08/2026,1,5,9
05/08/2026,1,16,7
05/08/2026,1,2,1
05/08/2026,1,10,15
05/08/2026,1,95,13
05/08/2026,2,70,14
05/08/2026,2,89,5
05/08/2026,2,89,2
05/08/2026,2,34,12
05/08/2026,2,22,15
05/08/2026,3,86,13
05/08/2026,3,60,9
05/08/2026,3,44,3
05/08/2026,3,90,2
05/08/2026,1,83,8
05/08/2026,1,92,9
05/08/2026,1,7,12
05/08/2026,1,18,14
05/08/2026,1,67,8
05/08/2026,2,35,5
05/08/2026,2,93,5
05/08/2026,2,93,1
05/08/2026,2,30,4
05/08/2026,2,34,15
05/08/2026,2,57,3
05/08/2026,3,42,3
05/08/2026,3,56,5
05/08/2026,3,66,4
06/08/2026,1,63,6
06/08/2026,2,78,10
06/08/2026,2,87,1
06/08/2026,2,57,13
06/08/2026,3,57,14
06/08/2026,3,80,7
06/08/2026,3,65,14
06/08/2026,1,16,1
06/08/2026,1,3,5
06/08/2026,2,33,1
06/08/2026,2,79,6
06/08/2026,3,75,5
06/08/2026,3,62,13
06/08/2026,1,19,6
06/08/2026,1,7,13
06/08/2026,1,19,15
06/08/2026,1,18,2
06/08/2026,1,91,5
06/08/2026,2,80,10
06/08/2026,2,20,14
06/08/2026,2,93,11
06/08/2026,3,39,14
06/08/2026,3,43,1
06/08/2026,3,54,11
06/08/2026,3,90,12
06/08/2026,3,48,14
06/08/2026,3,30,3
06/08/2026,1,59,6
06/08/2026,1,57,4
06/08/2026,1,17,1
06/08/2026,1,14,5
06/08/2026,1,6,14
06/08/2026,1,1,5
06/08/2026,2,28,15
06/08/2026,2,27,4
06/08/2026,2,39,7
06/08/2026,2,90,7
06/08/2026,3,20,2
06/08/2026,3,66,5
06/08/2026,1,59,4
06/08/2026,1,74,12
06/08/2026,1,10,3
06/08/2026,1,17,9
06/08/2026,2,80,7
06/08/2026,2,36,8
06/08/2026,2,90,7
06/08/2026,3,56,6
06/08/2026,3,67,13
06/08/2026,3,94,5
06/08/2026,3,48,8
06/08/2026,1,9,2
06/08/2026,1,64,6
06/08/2026,1,12,10
06/08/2026,1,81,4
06/08/2026,1,17,5
06/08/2026,2,26,13
06/08/2026,2,30,8
06/08/2026,2,27,11
06/08/2026,2,31,1
06/08/2026,3,44,12
06/08/2026,3,94,8
06/08/2026,1,8,11
06/08/2026,1,81,11
06/08/2026,1,92,6
06/08/2026,2,32,9
06/08/2026,2,89,1
06/08/2026,2,30,14
06/08/2026,2,89,8
06/08/2026,2,39,4
06/08/2026,3,23,1
06/08/2026,3,48,5
06/08/2026,3,20,7
06/08/2026,3,99,14
06/08/2026,3,43,9
06/08/2026,3,72,6
07/08/2026,1,57,6
07/08/2026,1,38,4
07/08/2026,1,2,3
07/08/2026,2,31,5
07/08/2026,2,38,14
07/08/2026,2,36,8
07/08/2026,2,78,11
07/08/2026,2,24,15
07/08/2026,2,36,4
07/08/2026,3,44,13
07/08/2026,3,99,11
07/08/2026,1,92,10
07/08/2026,1,38,13
07/08/2026,1,73,7
07/08/2026,1,91,12
07/08/2026,2,70,12
07/08/2026,3,66,4
07/08/2026,1,95,3
07/08/2026,1,14,7
07/08/2026,2,23,5
07/08/2026,2,80,9
07/08/2026,2,35,15
07/08/2026,2,28,2
07/08/2026,2,90,10
07/08/2026,2,25,3
07/08/2026,3,86,9
07/08/2026,3,60,9
07/08/2026,3,75,12
07/08/2026,3,39,10
07/08/2026,3,85,9
07/08/2026,3,55,4
07/08/2026,1,73,7
07/08/2026,1,59,9
07/08/2026,1,9,13
07/08/2026,1,21,3
07/08/2026,2,34,3
07/08/2026,2,30,10
07/08/2026,3,50,14
07/08/2026,3,80,8
07/08/2026,3,46,2
07/08/2026,1,92,9
07/08/2026,1,95,7
07/08/2026,1,9,12
07/08/2026,1,3,7
07/08/2026,2,27,15
07/08/2026,2,23,15
07/08/2026,2,22,5
07/08/2026,2,27,11
07/08/2026,3,25,7
07/08/2026,1,92,1
07/08/2026,1,84,5
07/08/2026,1,9,1
07/08/2026,1,38,4
07/08/2026,1,21,12
07/08/2026,1,17,6
07/08/2026,2,26,2
07/08/2026,2,20,14
07/08/2026,3,53,8
07/08/2026,3,90,7
07/08/2026,3,86,6
07/08/2026,1,10,8
07/08/2026,1,7,10
07/08/2026,1,11,15
07/08/2026,1,73,7
07/08/2026,1,16,15
07/08/2026,1,73,10
07/08/2026,2,27,3
07/08/2026,2,68,5
07/08/2026,3,72,12
07/08/2026,3,25,6
07/08/2026,3,30,10
07/08/2026,3,22,15
07/08/2026,3,39,9
07/08/2026,3,75,6
08/08/2026,1,59,10
08/08/2026,1,8,7
08/08/2026,1,5,14
08/08/2026,2,26,6
08/08/2026,2,34,2
08/08/2026,2,57,3
08/08/2026,2,24,13
08/08/2026,3,75,2
08/08/2026,3,54,1
08/08/2026,3,45,10
08/08/2026,3,66,13
08/08/2026,1,57,1
08/08/2026,2,90,10
08/08/2026,2,88,14
08/08/2026,2,39,9
08/08/2026,2,32,14
08/08/2026,2,79,5
08/08/2026,2,93,13
08/08/2026,3,58,1
08/08/2026,3,43,10
08/08/2026,3,66,8
08/08/2026,3,98,1
08/08/2026,3,49,14
08/08/2026,3,49,7
08/08/2026,1,57,8
08/08/2026,1,8,11
08/08/2026,1,5,11
08/08/2026,1,17,12
08/08/2026,1,84,13
08/08/2026,1,18,6
08/08/2026,2,28,2
08/08/2026,2,32,5
08/08/2026,2,87,11
08/08/2026,2,27,11
08/08/2026,2,38,5
08/08/2026,3,51,2
08/08/2026,3,20,6
08/08/2026,3,80,15
08/08/2026,3,54,8
08/08/2026,3,27,2
08/08/2026,1,83,11
08/08/2026,2,28,2
08/08/2026,2,79,3
08/08/2026,2,96,9
08/08/2026,2,88,11
08/08/2026,2,31,2
08/08/2026,3,88,4
08/08/2026,3,67,2
08/08/2026,3,56,13
08/08/2026,3,86,9
08/08/2026,3,46,2
08/08/2026,3,58,13
08/08/2026,1,1,10
08/08/2026,1,73,7
08/08/2026,1,74,13
08/08/2026,1,15,2
08/08/2026,1,3,14
08/08/2026,1,57,8
08/08/2026,2,35,11
08/08/2026,3,66,15
08/08/2026,3,100,13
08/08/2026,3,20,6
08/08/2026,3,23,13
08/08/2026,3,80,7
08/08/2026,3,45,10
08/08/2026,1,82,8
08/08/2026,1,9,9
08/08/2026,1,11,1
08/08/2026,1,13,3
08/08/2026,1,19,1
08/08/2026,1,16,5
08/08/2026,2,33,7
08/08/2026,2,31,10
08/08/2026,2,27,6
08/08/2026,2,35,11
08/08/2026,2,37,1
08/08/2026,3,57,11
08/08/2026,3,43,1
08/08/2026,3,51,7
08/08/2026,3,97,3
08/08/2026,3,97,9
08/08/2026,1,93,2
08/08/2026,1,64,12
08/08/2026,1,38,10
08/08/2026,1,17,14
08/08/2026,1,10,15
08/08/2026,1,9,14
08/08/2026,2,22,13
08/08/2026,2,80,14
08/08/2026,2,28,2
08/08/2026,2,20,3
08/08/2026,2,90,10
08/08/2026,3,30,3
08/08/2026,3,77,5
08/08/2026,3,99,12
09/08/2026,1,95,6
09/08/2026,2,20,4
09/08/2026,2,88,10
09/08/2026,2,93,11
09/08/2026,2,78,13
09/08/2026,2,80,10
09/08/2026,2,31,10
09/08/2026,3,53,8
09/08/2026,3,94,4
09/08/2026,3,94,1
09/08/2026,3,75,3
09/08/2026,3,48,15
09/08/2026,1,57,12
09/08/2026,1,81,5
09/08/2026,1,3,3
09/08/2026,1,71,2
09/08/2026,1,67,15
09/08/2026,2,88,1
09/08/2026,2,25,6
09/08/2026,2,28,3
09/08/2026,2,37,14
09/08/2026,3,76,8
09/08/2026,3,97,4
09/08/2026,3,30,12
09/08/2026,3,85,2
09/08/2026,3,77,3
09/08/2026,3,65,14
09/08/2026,1,81,1
09/08/2026,1,6,4
09/08/2026,1,11,7
09/08/2026,1,81,7
09/08/2026,2,35,12
09/08/2026,2,37,8
09/08/2026,2,33,14
09/08/2026,3,41,10
09/08/2026,3,65,2
09/08/2026,3,75,2
09/08/2026,1,13,15
09/08/2026,1,3,1
09/08/2026,1,14,14
09/08/2026,2,38,10
09/08/2026,2,34,4
09/08/2026,2,90,4
09/08/2026,2,37,14
09/08/2026,3,46,8
09/08/2026,3,58,12
09/08/2026,3,30,8
09/08/2026,1,17,9
09/08/2026,1,73,3
09/08/2026,1,19,13
09/08/2026,1,83,13
09/08/2026,1,74,14
09/08/2026,2,26,2
09/08/2026,2,25,11
09/08/2026,3,85,15
09/08/2026,3,54,7
09/08/2026,3,42,13
09/08/2026,3,98,13
09/08/2026,3,46,12
09/08/2026,1,81,13
09/08/2026,2,36,13
09/08/2026,3,88,2
09/08/2026,3,56,1
09/08/2026,3,76,1
09/08/2026,3,77,5
09/08/2026,3,25,4
09/08/2026,1,15,2
09/08/2026,2,88,4
09/08/2026,2,31,14
09/08/2026,2,57,14
09/08/2026,2,32,9
09/08/2026,2,30,14
09/08/2026,3,72,2
10/08/2026,1,11,7
10/08/2026,1,19,9
10/08/2026,1,57,8
10/08/2026,1,57,6
10/08/2026,1,14,8
10/08/2026,2,90,8
10/08/2026,2,90,3
10/08/2026,2,90,9
10/08/2026,2,88,3
10/08/2026,2,32,4
10/08/2026,3,85,13
10/08/2026,1,12,11
10/08/2026,1,59,11
10/08/2026,1,7,15
10/08/2026,2,93,13
10/08/2026,2,88,7
10/08/2026,2,31,4
10/08/2026,2,70,1
10/08/2026,3,60,2
10/08/2026,3,48,5
10/08/2026,3,67,12
10/08/2026,3,54,10
10/08/2026,3,30,6
10/08/2026,1,93,8
10/08/2026,1,16,12
10/08/2026,1,6,11
10/08/2026,2,79,10
10/08/2026,2,89,5
10/08/2026,2,36,10
10/08/2026,2,88,15
10/08/2026,2,70,9
10/08/2026,3,54,11
10/08/2026,3,20,9
10/08/2026,1,67,12
10/08/2026,2,22,12
10/08/2026,2,93,5
10/08/2026,2,32,15
10/08/2026,2,24,12
10/08/2026,2,87,2
10/08/2026,3,85,3
10/08/2026,3,80,14
10/08/2026,3,100,11
10/08/2026,1,13,13
10/08/2026,1,57,5
10/08/2026,1,17,10
10/08/2026,1,38,4
10/08/2026,1,84,12
10/08/2026,1,59,5
10/08/2026,2,29,3
10/08/2026,3,65,14
10/08/2026,3,62,3
10/08/2026,3,88,9
10/08/2026,1,83,3
10/08/2026,1,95,13
10/08/2026,2,25,4
10/08/2026,2,88,7
10/08/2026,2,79,5
10/08/2026,2,68,8
10/08/2026,3,45,5
10/08/2026,3,76,10
10/08/2026,3,49,3
10/08/2026,1,7,5
10/08/2026,1,14,12
10/08/2026,1,18,5
10/08/2026,1,17,1
10/08/2026,1,18,4
10/08/2026,2,79,9
10/08/2026,2,33,4
10/08/2026,2,32,15
10/08/2026,2,57,5
10/08/2026,2,33,4
10/08/2026,2,68,12
10/08/2026,3,47,8
10/08/2026,3,40,12
10/08/2026,3,97,6
10/08/2026,3,57,10
11/08/2026,1,74,12
11/08/2026,1,38,10
11/08/2026,1,67,8
11/08/2026,1,6,9
11/08/2026,1,95,12
11/08/2026,2,36,11
11/08/2026,2,36,15
11/08/2026,2,33,6
11/08/2026,2,70,7
11/08/2026,2,38,10
11/08/2026,2,80,8
11/08/2026,3,46,12
11/08/2026,3,25,11
11/08/2026,1,21,11
11/08/2026,1,64,12
11/08/2026,1,8,13
11/08/2026,1,14,7
11/08/2026,1,14,2
11/08/2026,1,1,2
11/08/2026,2,37,13
11/08/2026,3,60,7
11/08/2026,3,20,14
11/08/2026,3,98,14
11/08/2026,1,59,3
11/08/2026,1,1,6
11/08/2026,2,87,14
11/08/2026,2,20,15
11/08/2026,2,70,15
11/08/2026,3,48,7
11/08/2026,3,55,1
11/08/2026,3,22,1
11/08/2026,3,46,2
11/08/2026,1,38,13
11/08/2026,1,84,10
11/08/2026,1,14,14
11/08/2026,1,59,5
11/08/2026,2,87,6
11/08/2026,2,31,10
11/08/2026,3,42,8
11/08/2026,3,66,11
11/08/2026,3,85,10
11/08/2026,1,92,2
11/08/2026,1,67,8
11/08/2026,1,12,8
11/08/2026,1,67,13
11/08/2026,1,12,12
11/08/2026,1,84,14
11/08/2026,2,36,15
11/08/2026,2,26,13
11/08/2026,2,35,3
11/08/2026,2,33,6
11/08/2026,2,34,3
11/08/2026,2,20,11
11/08/2026,3,61,11
11/08/2026,3,54,10
11/08/2026,1,6,1
11/08/2026,2,29,5
11/08/2026,2,96,12
11/08/2026,2,35,11
11/08/2026,2,93,3
11/08/2026,3,45,13
11/08/2026,3,98,8
11/08/2026,3,57,14
11/08/2026,3,39,3
11/08/2026,1,64,2
11/08/2026,1,9,10
11/08/2026,1,19,10
11/08/2026,1,74,4
11/08/2026,1,21,13
11/08/2026,2,22,4
11/08/2026,2,87,11
11/08/2026,2,24,6
11/08/2026,3,51,2
11/08/2026,3,40,9
12/08/2026,1,83,1
12/08/2026,2,20,3
12/08/2026,2,88,10
12/08/2026,2,20,9
12/08/2026,2,37,9
12/08/2026,2,89,2
12/08/2026,2,57,14
12/08/2026,3,48,3
12/08/2026,3,98,7
12/08/2026,3,52,4
12/08/2026,3,57,12
12/08/2026,1,74,8
12/08/2026,1,13,12
12/08/2026,1,81,11
12/08/2026,1,8,7
12/08/2026,1,38,6
12/08/2026,1,71,15
12/08/2026,2,22,9
12/08/2026,2,31,6
12/08/2026,2,57,6
12/08/2026,3,72,12
12/08/2026,1,13,6
12/08/2026,1,74,12
12/08/2026,1,15,7
12/08/2026,1,16,2
12/08/2026,2,87,11
12/08/2026,2,38,7
12/08/2026,2,69,3
12/08/2026,3,56,11
12/08/2026,3,66,1
12/08/2026,3,45,8
12/08/2026,1,17,3
12/08/2026,1,95,11
12/08/2026,2,79,15
12/08/2026,2,93,6
12/08/2026,2,39,14
12/08/2026,2,68,4
12/08/2026,2,36,6
12/08/2026,2,96,4
12/08/2026,3,40,5
12/08/2026,3,75,5
12/08/2026,3,67,10
12/08/2026,3,51,10
12/08/2026,1,16,1
12/08/2026,1,5,15
12/08/2026,1,93,4
12/08/2026,2,32,13
12/08/2026,2,90,3
12/08/2026,2,78,6
12/08/2026,3,60,4
12/08/2026,3,77,10
12/08/2026,3,80,12
12/08/2026,3,80,6
12/08/2026,1,6,13
12/08/2026,1,84,4
12/08/2026,1,4,9
12/08/2026,1,38,6
12/08/2026,2,25,8
12/08/2026,2,31,9
12/08/2026,2,37,12
12/08/2026,2,88,8
12/08/2026,2,89,11
12/08/2026,2,25,3
12/08/2026,3,61,7
12/08/2026,3,50,8
12/08/2026,3,60,3
12/08/2026,3,98,1
12/08/2026,1,9,6
12/08/2026,1,7,2
12/08/2026,1,73,7
12/08/2026,1,92,13
12/08/2026,2,34,13
12/08/2026,2,90,4
12/08/2026,2,39,13
12/08/2026,3,80,11
12/08/2026,3,55,11
12/08/2026,3,98,10
13/08/2026,1,9,12
13/08/2026,1,9,11
13/08/2026,1,38,14
13/08/2026,2,39,15
13/08/2026,2,90,15
13/08/2026,2,34,2
13/08/2026,2,93,5
13/08/2026,2,79,10
13/08/2026,3,97,2
13/08/2026,3,99,10
13/08/2026,1,71,13
13/08/2026,1,84,15
13/08/2026,1,71,14
13/08/2026,1,19,14
13/08/2026,2,34,11
13/08/2026,2,23,5
13/08/2026,2,79,4
13/08/2026,2,79,12
13/08/2026,2,23,3
13/08/2026,2,35,15
13/08/2026,3,97,14
13/08/2026,1,11,4
13/08/2026,1,81,7
13/08/2026,1,5,4
13/08/2026,1,59,13
13/08/2026,1,1,7
13/08/2026,2,38,13
13/08/2026,2,57,12
13/08/2026,3,51,12
13/08/2026,3,72,4
13/08/2026,1,6,14
13/08/2026,1,59,3
13/08/2026,1,10,7
13/08/2026,1,73,2
13/08/2026,2,25,10
13/08/2026,2,39,13
13/08/2026,2,79,5
13/08/2026,2,36,15
13/08/2026,3,58,5
13/08/2026,1,5,15
13/08/2026,1,57,1
13/08/2026,1,83,8
13/08/2026,1,83,14
13/08/2026,1,64,11
13/08/2026,1,84,12
13/08/2026,2,35,4
13/08/2026,2,36,1
13/08/2026,3,61,12
13/08/2026,3,77,1
13/08/2026,3,45,7
13/08/2026,3,45,2
13/08/2026,3,53,14
13/08/2026,3,90,9
13/08/2026,1,63,15
13/08/2026,1,2,6
13/08/2026,1,1,7
13/08/2026,1,57,12
13/08/2026,2,57,9
13/08/2026,2,93,14
13/08/2026,2,39,7
13/08/2026,2,70,8
13/08/2026,2,37,1
13/08/2026,3,42,10
13/08/2026,3,58,12
13/08/2026,3,75,2
13/08/2026,3,25,14
13/08/2026,3,72,2
13/08/2026,3,44,8
13/08/2026,1,4,1
13/08/2026,1,6,6
13/08/2026,1,18,10
13/08/2026,2,78,11
13/08/2026,2,26,8
13/08/2026,2,96,15
13/08/2026,2,32,15
13/08/2026,3,75,4
13/08/2026,3,48,12
13/08/2026,3,51,14
13/08/2026,3,42,14
14/08/2026,1,6,13
14/08/2026,1,92,6
14/08/2026,1,11,14
14/08/2026,1,15,8
14/08/2026,1,92,15
14/08/2026,2,93,12
14/08/2026,2,20,1
14/08/2026,2,38,9
14/08/2026,2,57,2
14/08/2026,2,25,10
14/08/2026,2,30,7
14/08/2026,3,66,1
14/08/2026,3,53,7
14/08/2026,3,97,2
14/08/2026,3,85,10
14/08/2026,3,61,9
14/08/2026,3,75,1
14/08/2026,1,92,14
14/08/2026,1,57,13
14/08/2026,2,26,12
14/08/2026,2,70,10
14/08/2026,2,33,8
14/08/2026,2,26,13
14/08/2026,2,33,6
14/08/2026,2,87,4
14/08/2026,3,61,8
14/08/2026,3,42,8
14/08/2026,3,58,6
14/08/2026,3,90,4
14/08/2026,3,86,2
14/08/2026,3,45,14
14/08/2026,1,8,7
14/08/2026,1,10,4
14/08/2026,2,96,6
14/08/2026,2,25,15
14/08/2026,2,23,13
14/08/2026,2,78,8
14/08/2026,2,88,5
14/08/2026,3,51,10
14/08/2026,3,77,2
14/08/2026,3,97,12
14/08/2026,3,94,1
14/08/2026,1,3,10
14/08/2026,1,6,1
14/08/2026,1,12,15
14/08/2026,2,30,1
14/08/2026,2,69,7
14/08/2026,2,29,15
14/08/2026,2,87,14
14/08/2026,2,24,9
14/08/2026,3,54,12
14/08/2026,3,65,10
14/08/2026,1,91,12
14/08/2026,1,71,13
14/08/2026,1,8,13
14/08/2026,1,73,9
14/08/2026,1,81,10
14/08/2026,2,23,14
14/08/2026,3,72,14
14/08/2026,3,46,14
14/08/2026,3,49,2
14/08/2026,3,94,12
14/08/2026,3,77,9
14/08/2026,1,14,6
14/08/2026,1,67,7
14/08/2026,1,93,14
14/08/2026,2,23,10
14/08/2026,3,100,11
14/08/2026,1,14,10
14/08/2026,2,34,11
14/08/2026,2,29,14
14/08/2026,2,87,5
14/08/2026,2,37,6
14/08/2026,2,80,4
14/08/2026,2,39,2
14/08/2026,3,88,12
14/08/2026,3,94,14
14/08/2026,3,20,6
15/08/2026,1,59,13
15/08/2026,1,12,15
15/08/2026,1,10,10
15/08/2026,1,67,13
15/08/2026,2,29,14
15/08/2026,2,20,10
15/08/2026,2,27,9
15/08/2026,3,44,14
15/08/2026,3,49,7
15/08/2026,3,51,5
15/08/2026,3,48,5
15/08/2026,3,20,15
15/08/2026,3,88,7
15/08/2026,1,73,14
15/08/2026,1,9,15
15/08/2026,1,64,15
15/08/2026,1,18,13
15/08/2026,1,19,5
15/08/2026,1,11,5
15/08/2026,2,32,8
15/08/2026,2,70,15
15/08/2026,3,57,4
15/08/2026,3,97,3
15/08/2026,1,38,7
15/08/2026,1,82,6
15/08/2026,1,11,12
15/08/2026,1,9,6
15/08/2026,1,14,7
15/08/2026,2,24,2
15/08/2026,2,27,3
15/08/2026,2,78,15
15/08/2026,3,49,10
15/08/2026,3,58,3
15/08/2026,1,91,1
15/08/2026,2,32,8
15/08/2026,2,89,3
15/08/2026,2,68,10
15/08/2026,2,33,9
15/08/2026,2,25,7
15/08/2026,2,90,9
15/08/2026,3,90,5
15/08/2026,3,58,1
15/08/2026,3,72,13
15/08/2026,1,17,9
15/08/2026,1,93,15
15/08/2026,1,82,11
15/08/2026,1,1,6
15/08/2026,2,35,10
15/08/2026,2,31,5
15/08/2026,3,99,9
15/08/2026,3,50,12
15/08/2026,3,50,1
15/08/2026,1,82,9
15/08/2026,1,5,9
15/08/2026,1,92,2
15/08/2026,1,9,15
15/08/2026,1,2,13
15/08/2026,2,69,8
15/08/2026,2,57,4
15/08/2026,2,80,2
15/08/2026,2,28,1
15/08/2026,2,28,5
15/08/2026,2,35,9
15/08/2026,3,90,8
15/08/2026,3,55,10
15/08/2026,3,44,1
15/08/2026,3,58,11
15/08/2026,3,56,1
15/08/2026,3,60,11
15/08/2026,1,7,6
15/08/2026,1,57,14
15/08/2026,1,2,1
15/08/2026,1,5,9
15/08/2026,2,34,3
15/08/2026,2,69,4
15/08/2026,2,68,7
15/08/2026,2,96,4
15/08/2026,2,93,15
15/08/2026,3,20,14
15/08/2026,3,23,12
15/08/2026,3,43,5
15/08/2026,3,65,5
15/08/2026,3,100,8
15/08/2026,3,100,8
16/08/2026,1,84,10
16/08/2026,1,18,1
16/08/2026,1,71,7
16/08/2026,2,93,13
16/08/2026,2,28,1
16/08/2026,2,89,11
16/08/2026,2,25,2
16/08/2026,2,33,12
16/08/2026,3,43,6
16/08/2026,3,48,6
16/08/2026,3,72,4
16/08/2026,3,66,2
16/08/2026,3,65,10
16/08/2026,1,84,10
16/08/2026,1,2,1
16/08/2026,1,11,5
16/08/2026,1,9,11
16/08/2026,2,96,1
16/08/2026,2,38,4
16/08/2026,2,70,2
16/08/2026,2,30,11
16/08/2026,2,70,6
16/08/2026,2,79,11
16/08/2026,3,90,4
16/08/2026,3,85,9
16/08/2026,3,66,13
16/08/2026,1,6,5
16/08/2026,1,14,14
16/08/2026,1,4,5
16/08/2026,1,64,15
16/08/2026,1,59,3
16/08/2026,1,13,7
16/08/2026,2,79,10
16/08/2026,3,85,15
16/08/2026,3,20,6
16/08/2026,3,52,13
16/08/2026,3,61,9
16/08/2026,3,49,14
16/08/2026,3,100,3
16/08/2026,1,4,13
16/08/2026,1,67,14
16/08/2026,1,9,13
16/08/2026,1,17,3
16/08/2026,1,92,13
16/08/2026,2,26,7
16/08/2026,2,23,7
16/08/2026,2,39,12
16/08/2026,3,77,15
16/08/2026,3,41,13
16/08/2026,3,52,6
16/08/2026,3,58,8
16/08/2026,1,17,5
16/08/2026,1,21,7
16/08/2026,1,73,9
16/08/2026,1,6,12
16/08/2026,1,14,9
16/08/2026,2,96,2
16/08/2026,3,94,14
16/08/2026,3,97,1
16/08/2026,1,93,1
16/08/2026,1,11,8
16/08/2026,2,29,15
16/08/2026,2,34,5
16/08/2026,3,88,10
16/08/2026,1,17,2
16/08/2026,1,13,6
16/08/2026,2,89,3
16/08/2026,2,93,5
16/08/2026,2,27,7
16/08/2026,2,33,2
16/08/2026,2,29,11
16/08/2026,3,75,11
17/08/2026,1,95,8
17/08/2026,1,74,1
17/08/2026,1,15,11
17/08/2026,1,19,13
17/08/2026,1,67,15
17/08/2026,1,92,5
17/08/2026,2,34,13
17/08/2026,2,31,15
17/08/2026,2,27,6
17/08/2026,2,36,11
17/08/2026,2,87,5
17/08/2026,2,22,15
17/08/2026,3,54,4
17/08/2026,3,39,4
17/08/2026,3,100,6
17/08/2026,3,54,14
17/08/2026,3,99,4
17/08/2026,1,63,4
17/08/2026,1,92,7
17/08/2026,1,14,2
17/08/2026,2,30,5
17/08/2026,2,80,2
17/08/2026,2,29,14
17/08/2026,2,57,13
17/08/2026,2,88,12
17/08/2026,3,98,7
17/08/2026,3,30,11
17/08/2026,1,14,8
17/08/2026,2,28,6
17/08/2026,2,25,5
17/08/2026,2,25,10
17/08/2026,3,94,4
17/08/2026,3,75,8
17/08/2026,1,18,9
17/08/2026,1,19,2
17/08/2026,1,71,4
17/08/2026,1,67,7
17/08/2026,1,8,13
17/08/2026,2,69,9
17/08/2026,2,36,13
17/08/2026,2,37,5
17/08/2026,2,39,5
17/08/2026,2,69,4
17/08/2026,3,43,1
17/08/2026,3,22,12
17/08/2026,3,80,13
17/08/2026,3,80,3
17/08/2026,3,52,2
17/08/2026,3,47,14
17/08/2026,1,92,14
17/08/2026,2,34,9
17/08/2026,3,22,15
17/08/2026,3,86,14
17/08/2026,3,94,6
17/08/2026,3,72,7
17/08/2026,3,48,12
17/08/2026,3,40,4
17/08/2026,1,63,13
17/08/2026,1,81,5
17/08/2026,2,38,3
17/08/2026,3,88,7
17/08/2026,3,66,1
17/08/2026,3,43,6
17/08/2026,3,25,13
17/08/2026,3,88,7
17/08/2026,3,23,11
17/08/2026,1,13,10
17/08/2026,2,25,12
17/08/2026,2,79,5
17/08/2026,2,34,1
17/08/2026,3,62,13
18/08/2026,1,13,6
18/08/2026,1,8,10
18/08/2026,1,64,10
18/08/2026,1,13,14
18/08/2026,2,88,3
18/08/2026,2,33,4
18/08/2026,2,80,14
18/08/2026,2,32,12
18/08/2026,2,96,4
18/08/2026,3,99,7
18/08/2026,3,43,2
18/08/2026,3,46,4
18/08/2026,3,55,2
18/08/2026,1,93,10
18/08/2026,1,12,12
18/08/2026,2,69,2
18/08/2026,2,28,14
18/08/2026,2,26,7
18/08/2026,2,69,3
18/08/2026,2,23,8
18/08/2026,2,30,14
18/08/2026,3,42,4
18/08/2026,1,5,14
18/08/2026,1,17,10
18/08/2026,1,12,11
18/08/2026,2,96,13
18/08/2026,2,93,2
18/08/2026,2,38,10
18/08/2026,2,57,3
18/08/2026,2,89,5
18/08/2026,3,39,11
18/08/2026,3,41,15
18/08/2026,3,98,5
18/08/2026,3,85,1
18/08/2026,3,97,11
18/08/2026,3,45,3
18/08/2026,1,4,8
18/08/2026,1,57,1
18/08/2026,2,89,7
18/08/2026,2,32,5
18/08/2026,2,31,1
18/08/2026,2,69,1
18/08/2026,3,40,9
18/08/2026,3,57,4
18/08/2026,3,41,12
18/08/2026,1,83,10
18/08/2026,2,20,12
18/08/2026,3,100,11
18/08/2026,1,21,10
18/08/2026,1,4,7
18/08/2026,1,19,6
18/08/2026,1,91,6
18/08/2026,1,8,15
18/08/2026,2,69,3
18/08/2026,2,90,14
18/08/2026,2,70,6
18/08/2026,3,56,10
18/08/2026,1,10,6
18/08/2026,1,95,12
18/08/2026,2,68,13
18/08/2026,2,78,6
18/08/2026,2,80,1
18/08/2026,2,79,15
18/08/2026,2,96,7
18/08/2026,2,26,6
18/08/2026,3,62,10
18/08/2026,3,90,8
18/08/2026,3,80,4
18/08/2026,3,88,11
18/08/2026,3,42,3
19/08/2026,1,59,13
19/08/2026,1,7,9
19/08/2026,2,80,9
19/08/2026,2,96,13
19/08/2026,2,80,3
19/08/2026,2,35,11
19/08/2026,2,69,15
19/08/2026,2,96,14
19/08/2026,3,86,1
19/08/2026,3,97,13
19/08/2026,3,58,12
19/08/2026,3,90,6
19/08/2026,3,48,6
19/08/2026,1,11,15
19/08/2026,1,3,10
19/08/2026,2,23,5
19/08/2026,2,20,12
19/08/2026,2,20,8
19/08/2026,2,22,15
19/08/2026,2,68,14
19/08/2026,3,45,2
19/08/2026,3,27,14
19/08/2026,3,43,10
19/08/2026,1,19,5
19/08/2026,1,14,13
19/08/2026,1,64,14
19/08/2026,1,9,3
19/08/2026,1,83,10
19/08/2026,2,80,2
19/08/2026,2,31,4
19/08/2026,2,22,6
19/08/2026,2,35,8
19/08/2026,2,37,15
19/08/2026,2,88,8
19/08/2026,3,52,11
19/08/2026,3,40,10
19/08/2026,3,41,11
19/08/2026,3,45,11
19/08/2026,3,42,11
19/08/2026,3,61,1
19/08/2026,1,12,2
19/08/2026,1,91,8
19/08/2026,1,3,9
19/08/2026,1,5,7
19/08/2026,1,14,3
19/08/2026,1,12,12
19/08/2026,2,36,6
19/08/2026,2,22,7
19/08/2026,2,89,5
19/08/2026,3,99,12
19/08/2026,3,100,9
19/08/2026,3,43,8
19/08/2026,3,67,9
19/08/2026,3,76,7
19/08/2026,3,61,12
19/08/2026,1,10,4
19/08/2026,1,16,14
19/08/2026,1,67,14
19/08/2026,1,10,5
19/08/2026,1,19,4
19/08/2026,2,89,8
19/08/2026,2,69,14
19/08/2026,2,70,14
19/08/2026,3,90,14
19/08/2026,3,94,3
19/08/2026,3,22,12
19/08/2026,3,61,3
19/08/2026,3,45,1
19/08/2026,3,62,8
19/08/2026,1,74,14
19/08/2026,2,22,10
19/08/2026,2,57,15
19/08/2026,2,31,10
19/08/2026,2,26,10
19/08/2026,2,31,8
19/08/2026,2,38,14
19/08/2026,3,90,12
19/08/2026,3,42,9
19/08/2026,3,27,5
19/08/2026,3,48,9
19/08/2026,3,53,14
19/08/2026,3,44,8
19/08/2026,1,92,1
19/08/2026,2,68,12
19/08/2026,2,89,4
19/08/2026,2,32,7
19/08/2026,2,20,10
19/08/2026,2,25,10
19/08/2026,3,60,8
20/08/2026,1,8,12
20/08/2026,2,70,7
20/08/2026,2,38,10
20/08/2026,2,35,8
20/08/2026,2,26,1
20/08/2026,2,38,10
20/08/2026,2,38,3
20/08/2026,3,98,3
20/08/2026,3,65,4
20/08/2026,3,58,5
20/08/2026,3,42,5
20/08/2026,1,2,9
20/08/2026,1,64,4
20/08/2026,2,90,10
20/08/2026,2,37,15
20/08/2026,2,39,6
20/08/2026,2,80,6
20/08/2026,2,39,9
20/08/2026,3,94,8
20/08/2026,3,65,4
20/08/2026,3,94,4
20/08/2026,3,88,2
20/08/2026,3,57,4
20/08/2026,1,11,6
20/08/2026,1,18,1
20/08/2026,1,73,5
20/08/2026,2,36,9
20/08/2026,2,28,4
20/08/2026,2,24,10
20/08/2026,3,65,8
20/08/2026,3,44,6
20/08/2026,1,19,6
20/08/2026,1,16,3
20/08/2026,1,82,6
20/08/2026,1,83,5
20/08/2026,1,9,14
20/08/2026,2,88,13
20/08/2026,3,88,6
20/08/2026,3,52,15
20/08/2026,3,98,2
20/08/2026,3,53,12
20/08/2026,3,97,7
20/08/2026,1,92,8
20/08/2026,1,2,13
20/08/2026,1,84,2
20/08/2026,1,6,11
20/08/2026,1,74,11
20/08/2026,2,20,10
20/08/2026,2,79,14
20/08/2026,3,22,6
20/08/2026,1,18,15
20/08/2026,2,78,5
20/08/2026,2,57,11
20/08/2026,3,57,13
20/08/2026,1,92,12
20/08/2026,1,16,13
20/08/2026,1,38,11
20/08/2026,1,7,4
20/08/2026,1,63,9
20/08/2026,1,67,3
20/08/2026,2,69,12
20/08/2026,3,39,1
20/08/2026,3,49,10
20/08/2026,3,22,7
20/08/2026,3,67,9
21/08/2026,1,92,6
21/08/2026,2,23,14
21/08/2026,2,57,15
21/08/2026,2,88,3
21/08/2026,3,49,5
21/08/2026,3,60,7
21/08/2026,3,72,11
21/08/2026,1,64,13
21/08/2026,1,17,4
21/08/2026,1,5,5
21/08/2026,1,17,6
21/08/2026,2,69,11
21/08/2026,2,32,4
21/08/2026,2,39,13
21/08/2026,2,24,3
21/08/2026,2,90,14
21/08/2026,2,27,5
21/08/2026,3,22,10
21/08/2026,3,55,5
21/08/2026,3,56,5
21/08/2026,1,9,3
21/08/2026,1,14,7
21/08/2026,1,81,9
21/08/2026,1,7,10
21/08/2026,1,57,2
21/08/2026,1,95,8
21/08/2026,2,27,2
21/08/2026,2,88,9
21/08/2026,2,38,14
21/08/2026,2,31,9
21/08/2026,2,70,10
21/08/2026,2,78,3
21/08/2026,3,98,10
21/08/2026,3,61,14
21/08/2026,3,50,3
21/08/2026,1,17,4
21/08/2026,1,83,13
21/08/2026,2,31,7
21/08/2026,2,29,14
21/08/2026,2,37,8
21/08/2026,2,34,7
21/08/2026,2,88,10
21/08/2026,2,96,1
21/08/2026,3,67,5
21/08/2026,3,90,4
21/08/2026,3,53,10
21/08/2026,3,27,4
21/08/2026,3,25,8
21/08/2026,1,38,15
21/08/2026,1,92,11
21/08/2026,1,15,15
21/08/2026,1,21,8
21/08/2026,1,2,15
21/08/2026,1,38,5
21/08/2026,2,36,6
21/08/2026,2,93,7
21/08/2026,2,96,4
21/08/2026,3,25,6
21/08/2026,3,72,4
21/08/2026,3,77,9
21/08/2026,1,9,15
21/08/2026,1,92,15
21/08/2026,1,81,3
21/08/2026,1,1,13
21/08/2026,1,11,14
21/08/2026,2,30,7
21/08/2026,2,29,9
21/08/2026,2,96,14
21/08/2026,2,27,1
21/08/2026,2,30,10
21/08/2026,3,61,10
21/08/2026,1,95,10
21/08/2026,1,10,11
21/08/2026,1,8,6
21/08/2026,1,84,2
21/08/2026,2,57,2
21/08/2026,2,90,3
21/08/2026,3,53,14
21/08/2026,3,44,6
21/08/2026,3,50,2
22/08/2026,1,12,3
22/08/2026,1,93,11
22/08/2026,1,9,7
22/08/2026,1,17,2
22/08/2026,2,23,9
22/08/2026,3,53,9
22/08/2026,3,60,8
22/08/2026,3,76,10
22/08/2026,3,99,13
22/08/2026,3,44,15
22/08/2026,1,16,8
22/08/2026,1,2,12
22/08/2026,1,8,3
22/08/2026,1,91,4
22/08/2026,1,73,12
22/08/2026,2,23,1
22/08/2026,2,78,1
22/08/2026,2,78,5
22/08/2026,2,20,9
22/08/2026,2,35,11
22/08/2026,2,29,12
22/08/2026,3,46,1
22/08/2026,3,61,6
22/08/2026,3,23,7
22/08/2026,3,50,13
22/08/2026,1,57,14
22/08/2026,1,12,4
22/08/2026,1,17,7
22/08/2026,1,4,6
22/08/2026,1,10,15
22/08/2026,1,93,2
22/08/2026,2,29,3
22/08/2026,2,30,2
22/08/2026,2,38,10
22/08/2026,2,88,2
22/08/2026,2,39,10
22/08/2026,3,99,13
22/08/2026,3,99,7
22/08/2026,1,12,2
22/08/2026,1,8,5
22/08/2026,2,38,2
22/08/2026,2,35,12
22/08/2026,2,36,1
22/08/2026,2,39,8
22/08/2026,2,87,8
22/08/2026,3,45,12
22/08/2026,3,53,7
22/08/2026,3,39,7
22/08/2026,3,41,11
22/08/2026,3,99,7
22/08/2026,3,75,1
22/08/2026,1,83,13
22/08/2026,1,59,14
22/08/2026,1,67,9
22/08/2026,2,33,12
22/08/2026,2,33,15
22/08/2026,3,72,13
22/08/2026,3,25,6
22/08/2026,3,54,4
22/08/2026,3,86,12
22/08/2026,3,27,11
22/08/2026,3,67,14
22/08/2026,1,12,8
22/08/2026,1,15,4
22/08/2026,1,95,10
22/08/2026,1,91,14
22/08/2026,1,81,2
22/08/2026,2,25,2
22/08/2026,2,87,2
22/08/2026,2,79,4
22/08/2026,3,49,7
22/08/2026,3,41,6
22/08/2026,3,100,10
22/08/2026,1,38,8
22/08/2026,1,64,9
22/08/2026,1,81,9
22/08/2026,1,57,4
22/08/2026,2,29,6
22/08/2026,2,29,13
22/08/2026,2,79,8
22/08/2026,2,25,14
22/08/2026,2,57,9
22/08/2026,2,39,7
22/08/2026,3,66,5
23/08/2026,1,74,15
23/08/2026,1,10,9
23/08/2026,1,64,11
23/08/2026,1,63,6
23/08/2026,2,36,3
23/08/2026,2,23,15
23/08/2026,2,33,10
23/08/2026,2,26,13
23/08/2026,3,75,4
23/08/2026,3,61,11
23/08/2026,3,40,4
23/08/2026,3,61,6
23/08/2026,3,40,13
23/08/2026,3,20,15
23/08/2026,1,9,4
23/08/2026,1,92,4
23/08/2026,1,3,3
23/08/2026,2,57,15
23/08/2026,2,68,12
23/08/2026,2,90,2
23/08/2026,2,68,3
23/08/2026,2,89,10
23/08/2026,3,100,3
23/08/2026,3,41,13
23/08/2026,3,86,10
23/08/2026,3,65,12
23/08/2026,3,97,7
23/08/2026,1,91,4
23/08/2026,1,11,11
23/08/2026,1,7,3
23/08/2026,1,63,8
23/08/2026,1,8,5
23/08/2026,2,22,7
23/08/2026,2,35,3
23/08/2026,2,28,7
23/08/2026,2,26,11
23/08/2026,2,87,10
23/08/2026,3,94,13
23/08/2026,3,25,5
23/08/2026,3,66,6
23/08/2026,3,48,1
23/08/2026,3,54,5
23/08/2026,1,8,4
23/08/2026,2,23,1
23/08/2026,2,39,12
23/08/2026,3,39,12
23/08/2026,3,30,12
23/08/2026,3,57,10
23/08/2026,3,25,3
23/08/2026,1,59,1
23/08/2026,1,67,5
23/08/2026,1,10,9
23/08/2026,1,92,5
23/08/2026,1,38,11
23/08/2026,2,25,14
23/08/2026,3,65,3
23/08/2026,3,80,4
23/08/2026,1,38,14
23/08/2026,1,63,9
23/08/2026,1,5,14
23/08/2026,1,91,11
23/08/2026,2,39,2
23/08/2026,2,33,14
23/08/2026,2,70,9
23/08/2026,2,87,2
23/08/2026,3,98,11
23/08/2026,3,65,14
23/08/2026,3,67,15
23/08/2026,1,14,1
23/08/2026,1,11,11
23/08/2026,1,19,4
23/08/2026,1,81,6
23/08/2026,1,14,14
23/08/2026,2,78,11
23/08/2026,2,70,12
23/08/2026,2,37,12
23/08/2026,2,38,10
23/08/2026,2,31,13
23/08/2026,2,28,15
23/08/2026,3,88,11
23/08/2026,3,97,1
23/08/2026,3,53,6
23/08/2026,3,58,3
24/08/2026,1,91,15
24/08/2026,1,10,15
24/08/2026,1,8,10
24/08/2026,2,36,7
24/08/2026,3,48,2
24/08/2026,1,82,2
24/08/2026,1,38,14
24/08/2026,1,14,9
24/08/2026,1,17,6
24/08/2026,1,73,6
24/08/2026,1,71,1
24/08/2026,2,30,6
24/08/2026,2,25,12
24/08/2026,2,33,4
24/08/2026,2,37,14
24/08/2026,3,62,7
24/08/2026,3,76,3
24/08/2026,3,25,12
24/08/2026,3,60,6
24/08/2026,3,57,5
24/08/2026,3,88,3
24/08/2026,1,7,6
24/08/2026,1,16,6
24/08/2026,1,92,4
24/08/2026,1,83,11
24/08/2026,2,26,14
24/08/2026,2,33,11
24/08/2026,2,35,9
24/08/2026,2,29,5
24/08/2026,2,20,8
24/08/2026,2,30,4
24/08/2026,3,90,1
24/08/2026,1,38,4
24/08/2026,2,93,9
24/08/2026,2,23,4
24/08/2026,2,26,4
24/08/2026,2,31,15
24/08/2026,2,68,7
24/08/2026,3,85,14
24/08/2026,3,61,5
24/08/2026,3,100,8
24/08/2026,3,49,12
24/08/2026,1,71,5
24/08/2026,1,13,8
24/08/2026,1,64,10
24/08/2026,1,91,9
24/08/2026,2,89,9
24/08/2026,2,34,5
24/08/2026,3,58,5
24/08/2026,3,23,9
24/08/2026,1,16,8
24/08/2026,1,92,12
24/08/2026,1,18,1
24/08/2026,1,82,8
24/08/2026,1,17,3
24/08/2026,2,34,8
24/08/2026,2,78,4
24/08/2026,2,28,7
24/08/2026,2,33,13
24/08/2026,2,26,12
24/08/2026,3,27,7
24/08/2026,3,41,7
24/08/2026,3,72,11
24/08/2026,3,97,2
24/08/2026,3,90,3
24/08/2026,1,57,1
24/08/2026,1,38,15
24/08/2026,1,3,1
24/08/2026,2,88,11
24/08/2026,2,37,3
24/08/2026,2,32,11
24/08/2026,2,93,3
24/08/2026,2,89,14
24/08/2026,2,35,5
24/08/2026,3,30,6
24/08/2026,3,97,3
24/08/2026,3,52,2
24/08/2026,3,50,9
24/08/2026,3,52,15
25/08/2026,1,64,1
25/08/2026,2,36,6
25/08/2026,2,68,14
25/08/2026,2,31,11
25/08/2026,2,79,11
25/08/2026,2,96,8
25/08/2026,2,88,13
25/08/2026,3,52,11
25/08/2026,1,71,3
25/08/2026,2,93,10
25/08/2026,2,27,15
25/08/2026,2,34,15
25/08/2026,2,29,5
25/08/2026,2,28,5
25/08/2026,3,57,8
25/08/2026,3,86,8
25/08/2026,3,76,10
25/08/2026,3,42,3
25/08/2026,3,100,13
25/08/2026,1,4,14
25/08/2026,1,6,5
25/08/2026,1,16,15
25/08/2026,2,89,15
25/08/2026,2,57,6
25/08/2026,2,31,7
25/08/2026,2,79,8
25/08/2026,3,94,10
25/08/2026,3,56,3
25/08/2026,3,75,5
25/08/2026,1,2,14
25/08/2026,1,4,1
25/08/2026,1,93,6
25/08/2026,2,88,12
25/08/2026,3,54,5
25/08/2026,3,67,5
25/08/2026,3,27,9
25/08/2026,1,17,1
25/08/2026,1,7,12
25/08/2026,1,1,8
25/08/2026,1,5,12
25/08/2026,2,70,7
25/08/2026,2,69,14
25/08/2026,2,78,13
25/08/2026,3,23,4
25/08/2026,3,53,12
25/08/2026,1,74,3
25/08/2026,1,82,10
25/08/2026,1,4,7
25/08/2026,1,7,13
25/08/2026,1,17,5
25/08/2026,1,64,14
25/08/2026,2,31,8
25/08/2026,2,26,1
25/08/2026,2,57,14
25/08/2026,2,20,2
25/08/2026,2,35,2
25/08/2026,3,67,4
25/08/2026,3,47,13
25/08/2026,1,81,5
25/08/2026,2,22,13
25/08/2026,2,25,1
25/08/2026,2,36,14
25/08/2026,2,88,6
25/08/2026,3,61,7
25/08/2026,3,90,13
25/08/2026,3,77,1
25/08/2026,3,56,2
25/08/2026,3,90,8
25/08/2026,3,44,5
26/08/2026,1,16,11
26/08/2026,2,96,10
26/08/2026,2,27,5
26/08/2026,2,29,5
26/08/2026,2,22,2
26/08/2026,2,68,11
26/08/2026,2,32,5
26/08/2026,3,88,3
26/08/2026,3,53,15
26/08/2026,1,84,10
26/08/2026,1,12,3
26/08/2026,1,67,6
26/08/2026,1,83,7
26/08/2026,2,68,8
26/08/2026,2,30,12
26/08/2026,3,41,2
26/08/2026,1,92,14
26/08/2026,1,11,11
26/08/2026,1,2,10
26/08/2026,1,81,1
26/08/2026,2,87,14
26/08/2026,2,22,15
26/08/2026,2,80,6
26/08/2026,2,80,13
26/08/2026,2,26,4
26/08/2026,3,47,14
26/08/2026,3,40,13
26/08/2026,1,59,1
26/08/2026,1,7,8
26/08/2026,2,39,14
26/08/2026,2,37,5
26/08/2026,2,29,2
26/08/2026,2,24,4
26/08/2026,2,68,5
26/08/2026,3,88,15
26/08/2026,3,40,14
26/08/2026,3,56,6
26/08/2026,3,54,5
26/08/2026,3,20,11
26/08/2026,1,8,12
26/08/2026,1,4,5
26/08/2026,1,92,12
26/08/2026,1,14,14
26/08/2026,1,6,12
26/08/2026,2,26,14
26/08/2026,2,22,6
26/08/2026,3,45,13
26/08/2026,3,48,6
26/08/2026,3,75,10
26/08/2026,3,20,11
26/08/2026,1,3,5
26/08/2026,1,2,11
26/08/2026,1,63,5
26/08/2026,1,95,5
26/08/2026,2,96,3
26/08/2026,2,96,3
26/08/2026,2,24,8
26/08/2026,2,23,3
26/08/2026,2,33,6
26/08/2026,2,96,11
26/08/2026,3,90,13
26/08/2026,3,57,2
26/08/2026,3,49,9
26/08/2026,3,30,7
26/08/2026,3,42,15
26/08/2026,1,71,1
26/08/2026,2,36,14
26/08/2026,2,26,6
26/08/2026,3,46,14
26/08/2026,3,61,11
26/08/2026,3,90,9
27/08/2026,1,91,15
27/08/2026,1,92,11
27/08/2026,1,95,14
27/08/2026,1,21,5
27/08/2026,2,68,1
27/08/2026,2,28,11
27/08/2026,2,78,9
27/08/2026,3,44,1
27/08/2026,1,91,15
27/08/2026,2,20,15
27/08/2026,2,90,8
27/08/2026,2,78,3
27/08/2026,2,33,14
27/08/2026,3,25,15
27/08/2026,1,5,4
27/08/2026,1,14,7
27/08/2026,2,27,11
27/08/2026,2,30,11
27/08/2026,2,33,2
27/08/2026,3,51,4
27/08/2026,3,41,3
27/08/2026,3,62,11
27/08/2026,3,98,10
27/08/2026,3,80,3
27/08/2026,1,71,13
27/08/2026,2,25,15
27/08/2026,3,62,10
27/08/2026,3,42,5
27/08/2026,3,86,3
27/08/2026,1,84,7
27/08/2026,2,70,11
27/08/2026,2,70,15
27/08/2026,3,97,1
27/08/2026,3,43,12
27/08/2026,3,60,6
27/08/2026,3,30,12
27/08/2026,3,88,1
27/08/2026,1,57,8
27/08/2026,1,63,2
27/08/2026,2,96,11
27/08/2026,3,67,3
27/08/2026,3,80,8
27/08/2026,1,81,13
27/08/2026,1,10,10
27/08/2026,1,2,5
27/08/2026,1,67,11
27/08/2026,2,34,12
27/08/2026,2,31,8
27/08/2026,2,68,15
27/08/2026,2,27,9
27/08/2026,3,67,10
27/08/2026,3,60,5
27/08/2026,3,55,15
27/08/2026,3,22,8
28/08/2026,1,82,6
28/08/2026,1,59,8
28/08/2026,1,16,8
28/08/2026,1,2,10
28/08/2026,1,64,7
28/08/2026,2,25,12
28/08/2026,2,26,8
28/08/2026,2,27,1
28/08/2026,2,38,10
28/08/2026,2,28,8
28/08/2026,2,93,8
28/08/2026,3,30,10
28/08/2026,1,9,13
28/08/2026,1,59,9
28/08/2026,2,80,4
28/08/2026,2,27,8
28/08/2026,2,33,2
28/08/2026,3,76,1
28/08/2026,3,72,10
28/08/2026,3,25,7
28/08/2026,3,40,14
28/08/2026,1,84,7
28/08/2026,2,88,4
28/08/2026,3,85,8
28/08/2026,3,41,12
28/08/2026,3,56,1
28/08/2026,3,72,5
28/08/2026,1,15,5
28/08/2026,1,38,15
28/08/2026,1,16,12
28/08/2026,1,64,9
28/08/2026,1,16,3
28/08/2026,2,22,14
28/08/2026,2,90,10
28/08/2026,2,33,14
28/08/2026,2,79,5
28/08/2026,3,42,4
28/08/2026,3,42,8
28/08/2026,1,81,4
28/08/2026,1,73,12
28/08/2026,2,78,12
28/08/2026,2,22,15
28/08/2026,2,20,8
28/08/2026,2,35,2
28/08/2026,3,23,8
28/08/2026,3,90,9
28/08/2026,3,54,4
28/08/2026,3,80,12
28/08/2026,3,85,12
28/08/2026,3,76,2
28/08/2026,1,92,4
28/08/2026,1,59,2
28/08/2026,2,78,14
28/08/2026,2,70,2
28/08/2026,2,23,3
28/08/2026,2,25,3
28/08/2026,2,30,4
28/08/2026,3,67,1
28/08/2026,3,99,15
28/08/2026,3,57,5
28/08/2026,3,94,11
28/08/2026,3,56,1
28/08/2026,3,52,8
28/08/2026,1,38,13
28/08/2026,1,91,1
28/08/2026,2,28,13
28/08/2026,3,41,3
28/08/2026,3,90,14
28/08/2026,3,80,11
28/08/2026,3,49,10
29/08/2026,1,7,12
29/08/2026,1,8,5
29/08/2026,2,22,4
29/08/2026,2,78,6
29/08/2026,3,54,10
29/08/2026,3,100,1
29/08/2026,3,27,3
29/08/2026,1,67,3
29/08/2026,1,7,15
29/08/2026,2,23,9
29/08/2026,2,23,5
29/08/2026,2,31,1
29/08/2026,2,57,3
29/08/2026,2,69,4
29/08/2026,2,33,5
29/08/2026,3,43,8
29/08/2026,1,8,2
29/08/2026,1,21,4
29/08/2026,1,19,12
29/08/2026,1,17,8
29/08/2026,2,39,13
29/08/2026,2,87,15
29/08/2026,2,57,15
29/08/2026,2,38,3
29/08/2026,2,80,4
29/08/2026,2,78,15
29/08/2026,3,90,13
29/08/2026,3,58,3
29/08/2026,1,1,7
29/08/2026,1,21,5
29/08/2026,1,64,9
29/08/2026,1,73,11
29/08/2026,2,87,1
29/08/2026,2,30,5
29/08/2026,2,37,15
29/08/2026,2,89,12
29/08/2026,2,70,7
29/08/2026,2,88,13
29/08/2026,3,49,7
29/08/2026,3,65,5
29/08/2026,3,67,2
29/08/2026,3,39,12
29/08/2026,3,98,2
29/08/2026,3,40,15
29/08/2026,1,95,4
29/08/2026,1,2,13
29/08/2026,1,82,10
29/08/2026,1,91,4
29/08/2026,1,73,11
29/08/2026,2,24,2
29/08/2026,2,33,15
29/08/2026,2,90,8
29/08/2026,2,96,6
29/08/2026,2,23,11
29/08/2026,2,28,2
29/08/2026,3,97,4
29/08/2026,3,20,9
29/08/2026,3,85,12
29/08/2026,3,72,14
29/08/2026,1,59,14
29/08/2026,1,7,15
29/08/2026,2,70,11
29/08/2026,2,78,4
29/08/2026,2,22,14
29/08/2026,2,68,4
29/08/2026,3,39,3
29/08/2026,3,22,12
29/08/2026,1,17,11
29/08/2026,1,64,1
29/08/2026,1,21,5
29/08/2026,1,71,10
29/08/2026,1,81,14
29/08/2026,1,17,9
29/08/2026,2,35,4
29/08/2026,2,29,15
29/08/2026,2,29,14
29/08/2026,2,68,9
29/08/2026,3,85,4
29/08/2026,3,88,15
29/08/2026,3,43,9
29/08/2026,3,52,5
29/08/2026,3,98,4
29/08/2026,3,51,10
30/08/2026,1,71,5
30/08/2026,1,91,6
30/08/2026,1,38,5
30/08/2026,1,91,5
30/08/2026,1,93,6
30/08/2026,1,13,3
30/08/2026,2,79,3
30/08/2026,2,96,8
30/08/2026,2,79,15
30/08/2026,3,53,7
30/08/2026,3,54,1
30/08/2026,1,59,9
30/08/2026,1,21,13
30/08/2026,1,82,2
30/08/2026,1,73,8
30/08/2026,1,9,9
30/08/2026,1,38,14
30/08/2026,2,27,11
30/08/2026,2,32,4
30/08/2026,2,23,6
30/08/2026,3,23,7
30/08/2026,3,45,1
30/08/2026,3,98,7
30/08/2026,1,15,11
30/08/2026,1,71,1
30/08/2026,2,31,15
30/08/2026,3,51,14
30/08/2026,3,43,8
30/08/2026,3,61,7
30/08/2026,3,44,11
30/08/2026,3,62,10
30/08/2026,3,23,3
30/08/2026,1,14,10
30/08/2026,1,73,10
30/08/2026,1,9,9
30/08/2026,1,73,15
30/08/2026,1,38,15
30/08/2026,2,25,4
30/08/2026,2,89,2
30/08/2026,2,24,9
30/08/2026,2,69,1
30/08/2026,2,33,14
30/08/2026,2,26,12
30/08/2026,3,90,10
30/08/2026,3,98,2
30/08/2026,3,23,5
30/08/2026,3,39,6
30/08/2026,1,84,10
30/08/2026,2,37,4
30/08/2026,2,22,11
30/08/2026,2,28,12
30/08/2026,2,96,9
30/08/2026,2,70,1
30/08/2026,3,30,8
30/08/2026,3,40,12
30/08/2026,1,16,5
30/08/2026,2,26,15
30/08/2026,2,32,14
30/08/2026,2,90,5
30/08/2026,2,79,7
30/08/2026,2,93,9
30/08/2026,2,69,1
30/08/2026,3,44,5
30/08/2026,3,80,7
30/08/2026,3,72,1
30/08/2026,3,90,12
30/08/2026,1,15,4
30/08/2026,1,38,4
30/08/2026,2,34,7
30/08/2026,2,88,8
30/08/2026,2,69,3
30/08/2026,3,48,4
30/08/2026,3,54,15
30/08/2026,3,72,4
30/08/2026,3,86,9
30/08/2026,3,40,1
30/08/2026,3,77,5
31/08/2026,1,64,13
31/08/2026,1,38,12
31/08/2026,1,16,7
31/08/2026,1,15,13
31/08/2026,1,6,15
31/08/2026,2,34,8
31/08/2026,2,28,2
31/08/2026,2,88,14
31/08/2026,2,39,6
31/08/2026,2,32,7
31/08/2026,2,39,6
31/08/2026,3,85,2
31/08/2026,3,94,7
31/08/2026,3,60,3
31/08/2026,1,95,7
31/08/2026,1,74,10
31/08/2026,2,26,14
31/08/2026,2,79,10
31/08/2026,2,87,2
31/08/2026,2,20,12
31/08/2026,2,24,3
31/08/2026,3,27,15
31/08/2026,3,75,10
31/08/2026,3,55,11
31/08/2026,1,5,3
31/08/2026,1,8,7
31/08/2026,1,9,3
31/08/2026,1,91,3
31/08/2026,1,93,3
31/08/2026,2,35,1
31/08/2026,2,87,12
31/08/2026,2,34,6
31/08/2026,3,76,6
31/08/2026,3,30,3
31/08/2026,3,66,8
31/08/2026,3,27,1
31/08/2026,1,92,11
31/08/2026,1,92,9
31/08/2026,1,6,13
31/08/2026,2,79,11
31/08/2026,2,89,10
31/08/2026,2,68,7
31/08/2026,3,75,6
31/08/2026,1,11,15
31/08/2026,2,57,9
31/08/2026,2,36,6
31/08/2026,3,52,6
31/08/2026,3,80,7
31/08/2026,1,16,7
31/08/2026,1,4,14
31/08/2026,1,92,3
31/08/2026,2,23,3
31/08/2026,2,30,1
31/08/2026,2,27,11
31/08/2026,2,26,7
31/08/2026,3,57,13
31/08/2026,3,88,7
31/08/2026,3,88,11
31/08/2026,3,46,4
31/08/2026,3,97,13
31/08/2026,3,98,9
31/08/2026,1,6,6
31/08/2026,2,89,1
31/08/2026,3,25,11
31/08/2026,3,25,2
01/09/2026,1,67,3
01/09/2026,1,11,9
01/09/2026,1,67,9
01/09/2026,1,9,3
01/09/2026,2,78,4
01/09/2026,3,77,6
01/09/2026,1,93,2
01/09/2026,1,6,8
01/09/2026,1,14,3
01/09/2026,1,21,13
01/09/2026,2,30,14
01/09/2026,2,23,6
01/09/2026,2,90,11
01/09/2026,3,90,15
01/09/2026,3,49,12
01/09/2026,3,46,6
01/09/2026,3,52,14
01/09/2026,1,74,11
01/09/2026,1,11,4
01/09/2026,1,57,6
01/09/2026,1,64,8
01/09/2026,1,12,8
01/09/2026,1,17,15
01/09/2026,2,20,6
01/09/2026,2,88,5
01/09/2026,2,87,2
01/09/2026,2,22,12
01/09/2026,2,27,5
01/09/2026,2,89,12
01/09/2026,3,72,1
01/09/2026,3,42,11
01/09/2026,3,55,15
01/09/2026,3,42,15
01/09/2026,3,30,7
01/09/2026,1,21,2
01/09/2026,1,59,8
01/09/2026,1,2,9
01/09/2026,2,80,9
01/09/2026,2,70,6
01/09/2026,3,85,9
01/09/2026,3,90,9
01/09/2026,3,56,12
01/09/2026,3,25,15
01/09/2026,1,14,15
01/09/2026,2,93,4
01/09/2026,2,24,14
01/09/2026,2,26,11
01/09/2026,3,55,4
01/09/2026,3,62,13
01/09/2026,3,42,6
01/09/2026,3,98,6
01/09/2026,1,15,9
01/09/2026,1,6,7
01/09/2026,1,84,13
01/09/2026,1,73,13
01/09/2026,2,39,8
01/09/2026,2,23,5
01/09/2026,2,90,2
01/09/2026,3,65,5
01/09/2026,3,41,12
01/09/2026,3,97,15
01/09/2026,3,27,4
01/09/2026,3,46,6
01/09/2026,1,10,9
01/09/2026,1,84,9
01/09/2026,2,37,5
01/09/2026,2,31,4
01/09/2026,3,25,11
01/09/2026,3,80,2
01/09/2026,3,47,15
01/09/2026,3,41,3
01/09/2026,3,54,13
02/09/2026,1,10,2
02/09/2026,2,39,1
02/09/2026,2,20,12
02/09/2026,2,35,4
02/09/2026,2,20,4
02/09/2026,2,30,6
02/09/2026,2,23,6
02/09/2026,3,99,13
02/09/2026,3,47,7
02/09/2026,3,58,2
02/09/2026,3,48,8
02/09/2026,1,18,5
02/09/2026,1,13,9
02/09/2026,1,5,1
02/09/2026,2,78,15
02/09/2026,2,69,3
02/09/2026,2,93,15
02/09/2026,2,89,4
02/09/2026,2,30,12
02/09/2026,2,78,5
02/09/2026,3,52,6
02/09/2026,3,55,9
02/09/2026,3,20,2
02/09/2026,3,51,10
02/09/2026,3,41,15
02/09/2026,1,6,10
02/09/2026,1,17,2
02/09/2026,1,8,14
02/09/2026,2,31,2
02/09/2026,2,31,13
02/09/2026,2,37,11
02/09/2026,3,57,15
02/09/2026,3,56,10
02/09/2026,3,46,5
02/09/2026,3,22,8
02/09/2026,1,38,2
02/09/2026,1,71,6
02/09/2026,1,91,2
02/09/2026,2,69,14
02/09/2026,2,35,14
02/09/2026,2,27,2
02/09/2026,2,32,3
02/09/2026,2,32,2
02/09/2026,2,31,14
02/09/2026,3,77,7
02/09/2026,3,50,2
02/09/2026,3,46,4
02/09/2026,1,64,10
02/09/2026,1,8,6
02/09/2026,1,13,15
02/09/2026,1,91,6
02/09/2026,1,1,4
02/09/2026,2,26,5
02/09/2026,3,53,9
02/09/2026,3,61,10
02/09/2026,3,99,12
02/09/2026,3,99,10
02/09/2026,3,20,14
02/09/2026,3,46,7
02/09/2026,1,17,6
02/09/2026,1,82,4
02/09/2026,2,24,5
02/09/2026,2,25,6
02/09/2026,2,37,7
02/09/2026,2,34,14
02/09/2026,2,36,10
02/09/2026,2,69,12
02/09/2026,3,72,2
02/09/2026,3,49,11
02/09/2026,3,99,3
02/09/2026,3,58,10
02/09/2026,3,72,10
02/09/2026,3,80,7
02/09/2026,1,95,2
02/09/2026,1,4,15
02/09/2026,1,57,14
02/09/2026,2,29,3
02/09/2026,2,88,6
02/09/2026,2,20,3
02/09/2026,2,24,1
02/09/2026,2,93,1
02/09/2026,3,66,8
02/09/2026,3,99,10
03/09/2026,1,9,4
03/09/2026,1,71,15
03/09/2026,2,57,5
03/09/2026,2,23,14
03/09/2026,3,50,8
03/09/2026,3,52,4
03/09/2026,3,65,1
03/09/2026,1,14,2
03/09/2026,1,12,14
03/09/2026,1,64,8
03/09/2026,2,57,11
03/09/2026,3,65,2
03/09/2026,3,44,14
03/09/2026,3,48,13
03/09/2026,3,43,5
03/09/2026,3,58,3
03/09/2026,1,95,15
03/09/2026,1,67,11
03/09/2026,1,2,5
03/09/2026,2,37,8
03/09/2026,2,88,2
03/09/2026,2,38,14
03/09/2026,2,57,12
03/09/2026,2,38,6
03/09/2026,2,31,7
03/09/2026,3,57,1
03/09/2026,3,80,3
03/09/2026,1,71,5
03/09/2026,2,38,14
03/09/2026,2,22,1
03/09/2026,2,28,14
03/09/2026,2,70,11
03/09/2026,2,24,15
03/09/2026,2,80,1
03/09/2026,3,42,9
03/09/2026,3,44,12
03/09/2026,3,98,15
03/09/2026,1,91,6
03/09/2026,1,3,7
03/09/2026,2,87,10
03/09/2026,2,33,10
03/09/2026,2,87,7
03/09/2026,2,39,6
03/09/2026,3,100,13
03/09/2026,3,57,10
03/09/2026,3,62,8
03/09/2026,3,42,1
03/09/2026,1,6,7
03/09/2026,1,3,1
03/09/2026,1,57,12
03/09/2026,1,19,1
03/09/2026,1,6,8
03/09/2026,2,35,10
03/09/2026,2,36,1
03/09/2026,3,39,9
03/09/2026,1,18,8
03/09/2026,1,17,14
03/09/2026,1,2,6
03/09/2026,2,39,1
03/09/2026,2,37,6
03/09/2026,3,67,3
03/09/2026,3,61,10
03/09/2026,3,86,13
03/09/2026,3,25,14
03/09/2026,3,97,11
03/09/2026,3,86,5
04/09/2026,1,38,12
04/09/2026,1,38,15
04/09/2026,1,16,14
04/09/2026,1,67,4
04/09/2026,1,84,8
04/09/2026,1,19,7
04/09/2026,2,90,11
04/09/2026,2,69,7
04/09/2026,2,27,2
04/09/2026,2,68,9
04/09/2026,2,28,15
04/09/2026,2,96,9
04/09/2026,3,55,11
04/09/2026,1,13,13
04/09/2026,2,93,7
04/09/2026,2,89,13
04/09/2026,2,38,6
04/09/2026,3,41,8
04/09/2026,3,52,12
04/09/2026,3,54,15
04/09/2026,1,73,6
04/09/2026,1,64,5
04/09/2026,1,73,6
04/09/2026,1,91,6
04/09/2026,2,35,14
04/09/2026,2,79,10
04/09/2026,2,37,13
04/09/2026,2,87,8
04/09/2026,2,27,2
04/09/2026,2,25,12
04/09/2026,3,88,9
04/09/2026,3,60,10
04/09/2026,3,58,14
04/09/2026,3,100,7
04/09/2026,3,48,10
04/09/2026,3,77,14
04/09/2026,1,64,8
04/09/2026,1,12,15
04/09/2026,2,69,9
04/09/2026,2,80,10
04/09/2026,2,25,8
04/09/2026,3,99,15
04/09/2026,1,19,10
04/09/2026,1,93,2
04/09/2026,1,71,8
04/09/2026,1,83,1
04/09/2026,1,95,7
04/09/2026,1,4,3
04/09/2026,2,35,14
04/09/2026,3,20,15
04/09/2026,3,52,9
04/09/2026,3,58,6
04/09/2026,3,61,9
04/09/2026,3,39,2
04/09/2026,1,4,3
04/09/2026,2,26,12
04/09/2026,2,96,10
04/09/2026,2,20,14
04/09/2026,2,23,1
04/09/2026,3,39,1
04/09/2026,3,47,14
04/09/2026,3,51,2
04/09/2026,3,40,10
04/09/2026,3,76,12
04/09/2026,3,80,8
04/09/2026,1,57,12
04/09/2026,2,38,7
04/09/2026,2,38,11
04/09/2026,2,26,7
04/09/2026,2,30,2
04/09/2026,3,60,1
04/09/2026,3,56,6
04/09/2026,3,45,14
04/09/2026,3,20,5
05/09/2026,1,12,3
05/09/2026,1,95,9
05/09/2026,2,25,15
05/09/2026,3,72,12
05/09/2026,3,100,15
05/09/2026,3,44,1
05/09/2026,3,62,2
05/09/2026,1,21,7
05/09/2026,1,16,11
05/09/2026,1,63,14
05/09/2026,2,68,10
05/09/2026,2,38,11
05/09/2026,2,35,12
05/09/2026,2,26,8
05/09/2026,3,45,15
05/09/2026,3,72,13
05/09/2026,3,25,9
05/09/2026,3,25,3
05/09/2026,3,23,5
05/09/2026,3,90,14
05/09/2026,1,21,7
05/09/2026,1,15,3
05/09/2026,1,8,3
05/09/2026,1,95,13
05/09/2026,1,92,1
05/09/2026,2,28,5
05/09/2026,2,24,4
05/09/2026,3,62,12
05/09/2026,1,16,2
05/09/2026,2,23,13
05/09/2026,2,32,6
05/09/2026,2,31,6
05/09/2026,3,52,14
05/09/2026,3,20,14
05/09/2026,1,7,10
05/09/2026,1,84,13
05/09/2026,1,83,3
05/09/2026,1,1,1
05/09/2026,2,90,15
05/09/2026,2,38,3
05/09/2026,2,39,2
05/09/2026,3,94,4
05/09/2026,1,14,4
05/09/2026,1,2,7
05/09/2026,1,17,4
05/09/2026,2,80,15
05/09/2026,2,37,3
05/09/2026,2,24,15
05/09/2026,3,50,3
05/09/2026,3,23,8
05/09/2026,3,100,7
05/09/2026,1,1,13
05/09/2026,1,93,14
05/09/2026,1,95,5
05/09/2026,2,57,5
05/09/2026,2,30,1
05/09/2026,2,57,9
05/09/2026,2,26,12
05/09/2026,2,32,3
05/09/2026,3,27,3
05/09/2026,3,99,8
05/09/2026,3,22,8
06/09/2026,1,71,15
06/09/2026,1,4,4
06/09/2026,1,1,10
06/09/2026,1,95,15
06/09/2026,2,70,14
06/09/2026,2,68,11
06/09/2026,2,88,14
06/09/2026,2,96,14
06/09/2026,2,70,5
06/09/2026,3,100,6
06/09/2026,3,97,11
06/09/2026,3,65,12
06/09/2026,3,53,11
06/09/2026,1,5,7
06/09/2026,2,88,6
06/09/2026,2,22,9
06/09/2026,3,86,12
06/09/2026,3,39,5
06/09/2026,1,6,2
06/09/2026,2,68,3
06/09/2026,2,33,6
06/09/2026,2,32,11
06/09/2026,2,28,14
06/09/2026,2,88,15
06/09/2026,2,88,9
06/09/2026,3,50,7
06/09/2026,3,97,5
06/09/2026,3,97,9
06/09/2026,3,27,10
06/09/2026,1,91,1
06/09/2026,1,9,4
06/09/2026,1,7,1
06/09/2026,1,12,5
06/09/2026,2,70,13
06/09/2026,2,90,13
06/09/2026,3,76,8
06/09/2026,3,86,10
06/09/2026,3,43,7
06/09/2026,1,92,5
06/09/2026,2,79,6
06/09/2026,2,70,14
06/09/2026,3,99,11
06/09/2026,1,91,4
06/09/2026,1,63,15
06/09/2026,1,91,4
06/09/2026,1,64,8
06/09/2026,1,10,6
06/09/2026,1,7,5
06/09/2026,2,35,6
06/09/2026,2,25,5
06/09/2026,2,33,5
06/09/2026,2,78,15
06/09/2026,3,76,5
06/09/2026,3,51,9
06/09/2026,1,93,10
06/09/2026,1,10,5
06/09/2026,1,3,8
06/09/2026,1,63,2
06/09/2026,1,83,3
06/09/2026,2,88,9
06/09/2026,2,90,12
06/09/2026,2,34,1
06/09/2026,2,24,13
06/09/2026,3,77,12
06/09/2026,3,27,6
07/09/2026,1,84,5
07/09/2026,1,81,14
07/09/2026,1,8,6
07/09/2026,1,15,2
07/09/2026,1,14,1
07/09/2026,2,70,7
07/09/2026,3,90,3
07/09/2026,1,1,6
07/09/2026,1,81,6
07/09/2026,1,64,11
07/09/2026,2,33,15
07/09/2026,2,27,3
07/09/2026,2,57,9
07/09/2026,2,70,3
07/09/2026,2,24,11
07/09/2026,3,77,12
07/09/2026,3,99,14
07/09/2026,3,86,6
07/09/2026,3,49,9
07/09/2026,3,49,6
07/09/2026,1,18,5
07/09/2026,1,81,10
07/09/2026,1,67,11
07/09/2026,2,35,2
07/09/2026,2,36,9
07/09/2026,2,24,1
07/09/2026,2,68,2
07/09/2026,2,38,14
07/09/2026,2,37,10
07/09/2026,3,58,7
07/09/2026,3,44,9
07/09/2026,3,44,10
07/09/2026,1,91,2
07/09/2026,1,92,9
07/09/2026,1,92,8
07/09/2026,1,14,2
07/09/2026,1,6,12
07/09/2026,1,21,13
07/09/2026,2,57,2
07/09/2026,3,90,2
07/09/2026,3,88,11
07/09/2026,1,2,7
07/09/2026,1,14,5
07/09/2026,1,15,8
07/09/2026,1,3,8
07/09/2026,1,74,1
07/09/2026,1,18,6
07/09/2026,2,27,2
07/09/2026,2,29,9
07/09/2026,2,29,9
07/09/2026,3,51,4
07/09/2026,3,53,14
07/09/2026,3,60,9
07/09/2026,3,99,15
07/09/2026,3,23,4
07/09/2026,3,66,9
07/09/2026,1,92,12
07/09/2026,1,5,2
07/09/2026,2,96,8
07/09/2026,2,23,10
07/09/2026,2,57,12
07/09/2026,3,42,1
07/09/2026,3,49,10
07/09/2026,3,85,10
07/09/2026,1,95,5
07/09/2026,1,73,13
07/09/2026,1,13,10
07/09/2026,1,15,11
07/09/2026,2,57,4
07/09/2026,2,27,2
07/09/2026,2,93,4
07/09/2026,2,26,8
07/09/2026,2,23,12
07/09/2026,2,34,14
07/09/2026,3,67,4
07/09/2026,3,23,4
08/09/2026,1,3,4
08/09/2026,1,93,2
08/09/2026,2,90,1
08/09/2026,2,22,4
08/09/2026,2,70,4
08/09/2026,2,25,8
08/09/2026,2,31,6
08/09/2026,3,46,14
08/09/2026,3,23,6
08/09/2026,3,27,12
08/09/2026,3,94,4
08/09/2026,1,2,12
08/09/2026,1,73,6
08/09/2026,1,83,8
08/09/2026,1,18,15
08/09/2026,2,93,13
08/09/2026,2,20,4
08/09/2026,3,67,13
08/09/2026,3,66,2
08/09/2026,1,57,15
08/09/2026,1,14,6
08/09/2026,1,74,4
08/09/2026,2,34,6
08/09/2026,2,35,2
08/09/2026,2,93,1
08/09/2026,2,39,9
08/09/2026,2,25,8
08/09/2026,2,96,10
08/09/2026,3,86,5
08/09/2026,3,25,14
08/09/2026,3,85,13
08/09/2026,3,43,3
08/09/2026,1,9,15
08/09/2026,1,1,7
08/09/2026,1,8,3
08/09/2026,1,71,12
08/09/2026,1,6,8
08/09/2026,2,93,13
08/09/2026,2,32,4
08/09/2026,2,38,6
08/09/2026,2,23,9
08/09/2026,2,80,9
08/09/2026,2,57,14
08/09/2026,3,60,13
08/09/2026,3,52,6
08/09/2026,3,77,3
08/09/2026,3,88,3
08/09/2026,3,56,14
08/09/2026,1,84,14
08/09/2026,1,64,4
08/09/2026,1,13,10
08/09/2026,1,12,7
08/09/2026,1,1,10
08/09/2026,2,93,4
08/09/2026,2,90,12
08/09/2026,2,88,7
08/09/2026,2,96,11
08/09/2026,2,80,12
08/09/2026,3,48,9
08/09/2026,1,6,1
08/09/2026,1,9,14
08/09/2026,2,79,12
08/09/2026,3,77,1
08/09/2026,3,47,10
08/09/2026,3,88,13
08/09/2026,3,97,10
08/09/2026,3,45,10
08/09/2026,3,77,12
08/09/2026,1,74,1
08/09/2026,1,13,5
08/09/2026,1,91,8
08/09/2026,2,30,6
08/09/2026,2,26,6
08/09/2026,2,33,11
08/09/2026,2,38,4
08/09/2026,3,66,8
08/09/2026,3,76,9
08/09/2026,3,72,4
09/09/2026,1,8,14
09/09/2026,1,2,5
09/09/2026,1,21,5
09/09/2026,1,74,6
09/09/2026,1,12,11
09/09/2026,1,92,5
09/09/2026,2,34,3
09/09/2026,2,78,4
09/09/2026,2,79,2
09/09/2026,2,39,15
09/09/2026,2,96,11
09/09/2026,2,37,6
09/09/2026,3,88,1
09/09/2026,3,44,14
09/09/2026,3,53,9
09/09/2026,3,42,4
09/09/2026,3,90,11
09/09/2026,3,27,15
09/09/2026,1,91,14
09/09/2026,1,64,1
09/09/2026,1,8,15
09/09/2026,2,22,11
09/09/2026,2,25,8
09/09/2026,2,68,5
09/09/2026,3,20,1
09/09/2026,3,48,3
09/09/2026,3,27,4
09/09/2026,3,30,7
09/09/2026,3,80,10
09/09/2026,1,11,3
09/09/2026,1,15,9
09/09/2026,2,57,2
09/09/2026,2,25,8
09/09/2026,2,93,6
09/09/2026,2,33,5
09/09/2026,2,27,11
09/09/2026,3,76,13
09/09/2026,3,41,4
09/09/2026,3,99,4
09/09/2026,3,51,15
09/09/2026,1,81,6
09/09/2026,1,73,7
09/09/2026,1,18,8
09/09/2026,1,63,15
09/09/2026,2,80,4
09/09/2026,3,47,9
09/09/2026,3,60,4
09/09/2026,1,19,15
09/09/2026,1,3,3
09/09/2026,1,11,3
09/09/2026,1,1,13
09/09/2026,2,68,6
09/09/2026,2,79,10
09/09/2026,2,89,13
09/09/2026,2,37,13
09/09/2026,3,39,15
09/09/2026,3,40,7
09/09/2026,1,13,15
09/09/2026,1,7,14
09/09/2026,1,15,3
09/09/2026,1,38,11
09/09/2026,2,37,4
09/09/2026,2,20,6
09/09/2026,3,58,8
09/09/2026,3,99,3
09/09/2026,3,61,6
09/09/2026,3,100,8
09/09/2026,1,82,4
09/09/2026,1,4,7
09/09/2026,1,2,10
09/09/2026,1,14,3
09/09/2026,2,33,12
09/09/2026,3,56,9
09/09/2026,3,72,7
10/09/2026,1,82,8
10/09/2026,1,17,3
10/09/2026,2,28,15
10/09/2026,2,28,2
10/09/2026,2,89,7
10/09/2026,2,32,13
10/09/2026,2,96,10
10/09/2026,3,40,6
10/09/2026,3,47,5
10/09/2026,3,51,4
10/09/2026,1,95,14
10/09/2026,1,57,5
10/09/2026,1,71,9
10/09/2026,1,91,8
10/09/2026,1,2,8
10/09/2026,2,70,5
10/09/2026,2,96,7
10/09/2026,2,90,7
10/09/2026,2,25,6
10/09/2026,2,25,7
10/09/2026,3,43,15
10/09/2026,3,61,3
10/09/2026,3,25,12
10/09/2026,3,57,14
10/09/2026,3,30,10
10/09/2026,1,13,7
10/09/2026,1,93,12
10/09/2026,1,57,9
10/09/2026,2,30,2
10/09/2026,3,100,5
10/09/2026,3,23,9
10/09/2026,3,42,11
10/09/2026,3,45,10
10/09/2026,3,67,1
10/09/2026,1,21,13
10/09/2026,1,57,13
10/09/2026,1,57,5
10/09/2026,2,90,13
10/09/2026,2,88,4
10/09/2026,3,23,14
10/09/2026,3,55,13
10/09/2026,1,21,1
10/09/2026,1,81,4
10/09/2026,1,91,3
10/09/2026,2,79,14
10/09/2026,2,38,9
10/09/2026,2,89,4
10/09/2026,2,32,3
10/09/2026,2,93,15
10/09/2026,3,53,13
10/09/2026,3,41,2
10/09/2026,3,54,12
10/09/2026,3,51,3
10/09/2026,3,55,9
10/09/2026,1,74,13
10/09/2026,1,73,11
10/09/2026,1,18,5
10/09/2026,1,15,2
10/09/2026,1,64,12
10/09/2026,1,83,9
10/09/2026,2,29,7
10/09/2026,2,78,5
10/09/2026,2,29,3
10/09/2026,2,34,14
10/09/2026,2,25,13
10/09/2026,2,29,14
10/09/2026,3,56,3
10/09/2026,3,66,12
10/09/2026,3,25,8
10/09/2026,3,98,8
10/09/2026,1,19,13
10/09/2026,1,38,3
10/09/2026,1,14,3
10/09/2026,2,88,2
10/09/2026,2,69,12
10/09/2026,2,33,6
10/09/2026,2,32,14
10/09/2026,2,20,4
10/09/2026,2,79,7
10/09/2026,3,98,2
10/09/2026,3,76,2
10/09/2026,3,66,15
10/09/2026,3,72,8
10/09/2026,3,75,15
11/09/2026,1,92,11
11/09/2026,1,8,2
11/09/2026,2,26,3
11/09/2026,2,27,14
11/09/2026,2,96,1
11/09/2026,2,27,2
11/09/2026,2,35,14
11/09/2026,3,42,12
11/09/2026,3,94,14
11/09/2026,1,16,15
11/09/2026,1,18,12
11/09/2026,1,91,9
11/09/2026,1,92,13
11/09/2026,1,63,1
11/09/2026,2,78,13
11/09/2026,2,79,3
11/09/2026,2,79,8
11/09/2026,2,38,7
11/09/2026,2,39,15
11/09/2026,3,72,10
11/09/2026,3,61,5
11/09/2026,1,57,10
11/09/2026,2,88,11
11/09/2026,2,78,8
11/09/2026,2,96,15
11/09/2026,2,29,5
11/09/2026,3,72,8
11/09/2026,3,94,2
11/09/2026,3,27,5
11/09/2026,3,85,8
11/09/2026,1,84,12
11/09/2026,1,13,8
11/09/2026,1,13,6
11/09/2026,1,14,4
11/09/2026,2,87,7
11/09/2026,2,70,13
11/09/2026,2,34,14
11/09/2026,2,57,12
11/09/2026,2,87,13
11/09/2026,2,23,6
11/09/2026,3,77,7
11/09/2026,1,63,3
11/09/2026,1,93,6
11/09/2026,2,35,7
11/09/2026,2,70,4
11/09/2026,2,23,13
11/09/2026,2,38,15
11/09/2026,2,28,7
11/09/2026,2,89,2
11/09/2026,3,54,4
11/09/2026,1,73,8
11/09/2026,1,1,2
11/09/2026,1,17,1
11/09/2026,1,81,13
11/09/2026,2,78,15
11/09/2026,2,96,2
11/09/2026,2,34,2
11/09/2026,2,93,2
11/09/2026,3,53,6
11/09/2026,3,48,14
11/09/2026,1,83,15
11/09/2026,1,13,7
11/09/2026,1,64,12
11/09/2026,1,15,9
11/09/2026,1,15,2
11/09/2026,2,96,12
11/09/2026,3,61,9
12/09/2026,1,15,6
12/09/2026,1,59,8
12/09/2026,1,16,7
12/09/2026,1,9,12
12/09/2026,2,22,11
12/09/2026,2,90,2
12/09/2026,3,46,8
12/09/2026,3,40,10
12/09/2026,3,40,14
12/09/2026,3,22,8
12/09/2026,3,65,13
12/09/2026,1,83,15
12/09/2026,1,3,8
12/09/2026,1,18,7
12/09/2026,1,19,14
12/09/2026,1,7,13
12/09/2026,1,11,5
12/09/2026,2,25,2
12/09/2026,2,96,9
12/09/2026,2,29,10
12/09/2026,3,90,3
12/09/2026,3,60,15
12/09/2026,3,20,3
12/09/2026,3,41,11
12/09/2026,1,63,9
12/09/2026,1,74,15
12/09/2026,1,6,7
12/09/2026,1,11,9
12/09/2026,1,16,4
12/09/2026,1,57,7
12/09/2026,2,93,15
12/09/2026,3,22,12
12/09/2026,1,1,8
12/09/2026,2,32,2
12/09/2026,2,20,11
12/09/2026,2,20,3
12/09/2026,3,27,12
12/09/2026,1,71,1
12/09/2026,2,31,4
12/09/2026,2,88,9
12/09/2026,3,30,1
12/09/2026,3,20,9
12/09/2026,3,77,13
12/09/2026,3,61,8
12/09/2026,3,22,1
12/09/2026,3,77,14
12/09/2026,1,18,3
12/09/2026,1,13,1
12/09/2026,1,38,13
12/09/2026,2,30,14
12/09/2026,2,78,8
12/09/2026,2,68,12
12/09/2026,2,34,4
12/09/2026,3,45,14
12/09/2026,3,23,14
12/09/2026,3,86,3
12/09/2026,3,100,15
12/09/2026,3,55,4
12/09/2026,3,22,8
12/09/2026,1,64,1
12/09/2026,1,15,3
12/09/2026,2,37,6
12/09/2026,2,31,1
12/09/2026,2,33,12
12/09/2026,2,90,8
12/09/2026,3,57,2
12/09/2026,3,51,5
12/09/2026,3,48,7
12/09/2026,3,22,11
12/09/2026,3,66,6
12/09/2026,3,23,10
13/09/2026,1,10,4
13/09/2026,1,71,12
13/09/2026,1,3,1
13/09/2026,1,14,2
13/09/2026,1,19,14
13/09/2026,2,39,14
13/09/2026,2,23,9
13/09/2026,3,39,1
13/09/2026,3,76,1
13/09/2026,1,67,1
13/09/2026,1,17,5
13/09/2026,2,70,14
13/09/2026,2,96,4
13/09/2026,2,78,9
13/09/2026,3,90,7
13/09/2026,3,27,10
13/09/2026,3,30,12
13/09/2026,3,100,7
13/09/2026,1,3,8
13/09/2026,1,71,11
13/09/2026,1,57,6
13/09/2026,1,71,6
13/09/2026,1,64,13
13/09/2026,1,16,1
13/09/2026,2,57,5
13/09/2026,2,26,3
13/09/2026,2,36,5
13/09/2026,3,54,14
13/09/2026,3,51,6
13/09/2026,1,2,13
13/09/2026,2,27,10
13/09/2026,2,27,14
13/09/2026,2,34,5
13/09/2026,2,79,12
13/09/2026,2,22,10
13/09/2026,2,23,6
13/09/2026,3,100,6
13/09/2026,3,80,10
13/09/2026,3,60,11
13/09/2026,3,47,8
13/09/2026,3,25,3
13/09/2026,3,94,6
13/09/2026,1,8,10
13/09/2026,1,82,6
13/09/2026,1,93,9
13/09/2026,1,83,11
13/09/2026,1,9,9
13/09/2026,2,68,2
13/09/2026,2,23,13
13/09/2026,2,36,6
13/09/2026,2,39,5
13/09/2026,3,60,14
13/09/2026,3,80,1
13/09/2026,3,76,6
13/09/2026,3,61,9
13/09/2026,3,80,5
13/09/2026,3,60,8
13/09/2026,1,15,12
13/09/2026,1,91,11
13/09/2026,2,80,8
13/09/2026,2,34,1
13/09/2026,2,37,13
13/09/2026,2,37,8
13/09/2026,2,32,7
13/09/2026,2,33,2
13/09/2026,3,39,14
13/09/2026,3,39,11
13/09/2026,1,71,12
13/09/2026,1,93,7
13/09/2026,1,6,1
13/09/2026,2,23,8
13/09/2026,2,29,2
13/09/2026,2,80,1
13/09/2026,2,38,3
13/09/2026,2,87,1
13/09/2026,3,20,12
14/09/2026,1,16,15
14/09/2026,1,10,9
14/09/2026,1,74,5
14/09/2026,2,39,7
14/09/2026,2,69,1
14/09/2026,2,78,2
14/09/2026,2,68,5
14/09/2026,3,41,5
14/09/2026,3,97,14
14/09/2026,3,50,11
14/09/2026,1,81,12
14/09/2026,1,14,11
14/09/2026,1,84,14
14/09/2026,1,71,6
14/09/2026,1,10,14
14/09/2026,2,69,12
14/09/2026,3,60,12
14/09/2026,3,23,10
14/09/2026,3,88,4
14/09/2026,3,72,8
14/09/2026,3,48,6
14/09/2026,1,18,15
14/09/2026,1,16,15
14/09/2026,1,10,7
14/09/2026,1,6,12
14/09/2026,1,82,10
14/09/2026,2,89,1
14/09/2026,2,25,5
14/09/2026,3,22,6
14/09/2026,3,54,4
14/09/2026,3,80,5
14/09/2026,3,49,11
14/09/2026,3,25,6
14/09/2026,1,73,11
14/09/2026,1,12,5
14/09/2026,1,7,5
14/09/2026,2,26,3
14/09/2026,2,80,2
14/09/2026,2,69,5
14/09/2026,2,36,15
14/09/2026,3,85,4
14/09/2026,3,54,13
14/09/2026,3,76,13
14/09/2026,1,16,15
14/09/2026,1,2,1
14/09/2026,1,19,6
14/09/2026,2,24,9
14/09/2026,3,58,9
14/09/2026,3,76,15
14/09/2026,3,62,13
14/09/2026,3,53,3
14/09/2026,3,61,11
14/09/2026,1,95,9
14/09/2026,1,59,13
14/09/2026,2,39,7
14/09/2026,2,79,11
14/09/2026,3,42,15
14/09/2026,3,23,3
14/09/2026,3,80,8
14/09/2026,3,62,12
14/09/2026,3,25,14
14/09/2026,1,95,5
14/09/2026,1,8,14
14/09/2026,2,24,3
14/09/2026,2,28,13
14/09/2026,2,57,4
14/09/2026,2,27,9
14/09/2026,3,80,9
15/09/2026,1,4,9
15/09/2026,1,67,3
15/09/2026,1,1,12
15/09/2026,2,70,1
15/09/2026,2,22,12
15/09/2026,2,39,1
15/09/2026,2,29,3
15/09/2026,2,93,14
15/09/2026,2,30,1
15/09/2026,3,51,8
15/09/2026,3,77,7
15/09/2026,3,40,9
15/09/2026,1,5,2
15/09/2026,1,6,12
15/09/2026,1,10,10
15/09/2026,1,92,6
15/09/2026,1,63,4
15/09/2026,1,93,9
15/09/2026,2,28,13
15/09/2026,2,69,9
15/09/2026,2,79,12
15/09/2026,3,58,3
15/09/2026,3,85,1
15/09/2026,3,67,11
15/09/2026,3,60,11
15/09/2026,3,100,1
15/09/2026,1,14,9
15/09/2026,1,5,8
15/09/2026,1,74,10
15/09/2026,1,93,2
15/09/2026,2,93,6
15/09/2026,2,57,1
15/09/2026,2,28,11
15/09/2026,3,61,12
15/09/2026,1,4,14
15/09/2026,1,93,11
15/09/2026,1,10,1
15/09/2026,2,34,14
15/09/2026,2,24,5
15/09/2026,2,88,10
15/09/2026,2,33,14
15/09/2026,2,88,6
15/09/2026,2,33,4
15/09/2026,3,60,11
15/09/2026,3,47,9
15/09/2026,1,59,1
15/09/2026,1,6,13
15/09/2026,1,6,2
15/09/2026,1,8,15
15/09/2026,1,12,15
15/09/2026,2,24,14
15/09/2026,2,34,6
15/09/2026,2,96,14
15/09/2026,2,20,9
15/09/2026,2,90,8
15/09/2026,2,68,12
15/09/2026,3,65,15
15/09/2026,3,90,5
15/09/2026,1,18,3
15/09/2026,1,57,14
15/09/2026,1,93,3
15/09/2026,2,38,7
15/09/2026,2,36,10
15/09/2026,2,33,9
15/09/2026,2,34,3
15/09/2026,2,69,14
15/09/2026,3,66,10
15/09/2026,3,27,13
15/09/2026,3,97,12
15/09/2026,3,44,11
15/09/2026,3,45,5
15/09/2026,3,77,4
15/09/2026,1,11,12
15/09/2026,2,26,15
15/09/2026,2,26,6
15/09/2026,2,28,8
15/09/2026,2,20,5
15/09/2026,2,93,5
15/09/2026,3,65,6
15/09/2026,3,56,4
16/09/2026,1,92,2
16/09/2026,1,11,2
16/09/2026,1,93,4
16/09/2026,1,63,15
16/09/2026,1,92,11
16/09/2026,2,70,2
16/09/2026,2,24,8
16/09/2026,2,57,1
16/09/2026,2,31,4
16/09/2026,2,22,6
16/09/2026,2,31,13
16/09/2026,3,49,7
16/09/2026,3,94,2
16/09/2026,3,61,12
16/09/2026,1,10,9
16/09/2026,1,2,9
16/09/2026,1,19,8
16/09/2026,2,87,7
16/09/2026,2,28,1
16/09/2026,2,28,13
16/09/2026,2,90,11
16/09/2026,2,78,9
16/09/2026,2,34,15
16/09/2026,3,54,10
16/09/2026,3,99,14
16/09/2026,1,3,2
16/09/2026,1,59,10
16/09/2026,1,59,1
16/09/2026,1,1,10
16/09/2026,1,38,2
16/09/2026,2,24,8
16/09/2026,2,57,11
16/09/2026,3,62,7
16/09/2026,3,52,5
16/09/2026,3,27,1
16/09/2026,3,76,10
16/09/2026,1,83,15
16/09/2026,1,9,2
16/09/2026,1,1,8
16/09/2026,1,8,11
16/09/2026,1,11,1
16/09/2026,1,74,8
16/09/2026,2,34,2
16/09/2026,2,31,10
16/09/2026,3,42,11
16/09/2026,3,86,2
16/09/2026,3,41,4
16/09/2026,1,5,5
16/09/2026,1,81,1
16/09/2026,1,2,13
16/09/2026,2,38,13
16/09/2026,2,31,15
16/09/2026,3,41,9
16/09/2026,1,71,5
16/09/2026,2,79,4
16/09/2026,2,37,14
16/09/2026,2,69,13
16/09/2026,2,20,7
16/09/2026,2,28,12
16/09/2026,3,46,7
16/09/2026,3,97,7
16/09/2026,3,43,8
16/09/2026,3,72,1
16/09/2026,3,65,2
16/09/2026,3,39,6
16/09/2026,1,15,8
16/09/2026,1,16,15
16/09/2026,1,9,4
16/09/2026,1,73,12
16/09/2026,1,82,5
16/09/2026,1,6,8
16/09/2026,2,80,13
16/09/2026,2,93,14
16/09/2026,3,85,4
16/09/2026,3,55,6
17/09/2026,1,82,7
17/09/2026,2,34,13
17/09/2026,2,68,4
17/09/2026,2,24,1
17/09/2026,2,78,15
17/09/2026,2,26,1
17/09/2026,3,41,9
17/09/2026,3,88,1
17/09/2026,1,67,11
17/09/2026,1,67,14
17/09/2026,1,1,11
17/09/2026,1,2,8
17/09/2026,1,63,9
17/09/2026,1,64,13
17/09/2026,2,24,3
17/09/2026,2,96,9
17/09/2026,2,69,1
17/09/2026,2,27,12
17/09/2026,2,34,2
17/09/2026,2,93,4
17/09/2026,3,48,3
17/09/2026,3,40,1
17/09/2026,3,97,5
17/09/2026,3,40,15
17/09/2026,1,11,12
17/09/2026,1,2,12
17/09/2026,1,15,13
17/09/2026,1,74,5
17/09/2026,2,31,2
17/09/2026,2,90,13
17/09/2026,2,23,2
17/09/2026,2,30,4
17/09/2026,3,56,15
17/09/2026,3,85,11
17/09/2026,3,100,10
17/09/2026,3,40,9
17/09/2026,3,45,6
17/09/2026,1,12,14
17/09/2026,1,18,2
17/09/2026,1,15,3
17/09/2026,2,24,9
17/09/2026,2,35,14
17/09/2026,2,89,7
17/09/2026,3,66,4
17/09/2026,3,77,15
17/09/2026,3,57,11
17/09/2026,3,53,12
17/09/2026,3,90,2
17/09/2026,1,71,10
17/09/2026,1,84,1
17/09/2026,1,18,14
17/09/2026,1,7,1
17/09/2026,1,5,6
17/09/2026,1,92,4
17/09/2026,2,57,10
17/09/2026,2,80,15
17/09/2026,2,31,6
17/09/2026,2,57,12
17/09/2026,2,70,14
17/09/2026,3,75,7
17/09/2026,3,41,7
17/09/2026,3,43,11
17/09/2026,3,60,5
17/09/2026,3,62,11
17/09/2026,3,27,14
17/09/2026,1,11,10
17/09/2026,2,35,14
17/09/2026,2,79,11
17/09/2026,2,29,11
17/09/2026,3,54,8
17/09/2026,3,72,3
17/09/2026,3,22,5
17/09/2026,3,41,4
17/09/2026,1,84,11
17/09/2026,1,21,13
17/09/2026,1,83,7
17/09/2026,1,1,13
17/09/2026,1,10,7
17/09/2026,2,32,6
17/09/2026,3,100,12
17/09/2026,3,45,9
17/09/2026,3,86,9
18/09/2026,1,74,9
18/09/2026,2,89,11
18/09/2026,3,86,8
18/09/2026,1,64,2
18/09/2026,1,15,9
18/09/2026,1,14,10
18/09/2026,1,95,7
18/09/2026,2,69,10
18/09/2026,2,69,4
18/09/2026,2,28,6
18/09/2026,2,24,1
18/09/2026,3,22,11
18/09/2026,3,61,6
18/09/2026,3,97,15
18/09/2026,3,88,13
18/09/2026,3,30,4
18/09/2026,1,2,15
18/09/2026,1,19,11
18/09/2026,1,4,3
18/09/2026,1,67,14
18/09/2026,1,84,4
18/09/2026,2,34,7
18/09/2026,3,94,9
18/09/2026,3,40,7
18/09/2026,3,90,1
18/09/2026,3,49,4
18/09/2026,3,80,9
18/09/2026,1,15,2
18/09/2026,1,1,7
18/09/2026,2,30,8
18/09/2026,2,70,9
18/09/2026,2,37,15
18/09/2026,2,80,5
18/09/2026,2,68,6
18/09/2026,2,23,15
18/09/2026,3,57,14
18/09/2026,3,72,5
18/09/2026,3,80,11
18/09/2026,3,99,3
18/09/2026,1,73,15
18/09/2026,1,6,14
18/09/2026,1,95,2
18/09/2026,1,5,10
18/09/2026,1,84,9
18/09/2026,1,83,8
18/09/2026,2,93,1
18/09/2026,2,38,10
18/09/2026,2,93,14
18/09/2026,2,20,10
18/09/2026,2,30,5
18/09/2026,2,28,15
18/09/2026,3,47,6
18/09/2026,3,25,4
18/09/2026,3,51,8
18/09/2026,1,95,11
18/09/2026,1,59,3
18/09/2026,1,15,9
18/09/2026,1,93,9
18/09/2026,1,92,11
18/09/2026,2,88,6
18/09/2026,2,88,1
18/09/2026,2,35,5
18/09/2026,2,31,14
18/09/2026,2,70,2
18/09/2026,2,39,11
18/09/2026,3,85,14
18/09/2026,3,42,7
18/09/2026,3,48,13
18/09/2026,3,42,3
18/09/2026,3,90,5
18/09/2026,3,77,10
18/09/2026,1,93,5
18/09/2026,2,69,7
18/09/2026,2,33,15
18/09/2026,2,29,7
18/09/2026,2,30,1
18/09/2026,3,48,9
18/09/2026,3,55,4
19/09/2026,1,63,10
19/09/2026,1,67,12
19/09/2026,1,83,12
19/09/2026,1,4,9
19/09/2026,1,19,3
19/09/2026,1,5,13
19/09/2026,2,24,7
19/09/2026,2,79,12
19/09/2026,2,68,1
19/09/2026,2,87,2
19/09/2026,2,39,15
19/09/2026,3,27,6
19/09/2026,1,3,10
19/09/2026,1,8,8
19/09/2026,2,37,5
19/09/2026,2,57,12
19/09/2026,3,50,5
19/09/2026,3,25,13
19/09/2026,3,42,11
19/09/2026,3,65,9
19/09/2026,3,42,11
19/09/2026,3,60,3
19/09/2026,1,91,3
19/09/2026,1,16,4
19/09/2026,2,93,5
19/09/2026,2,87,12
19/09/2026,2,25,4
19/09/2026,3,75,15
19/09/2026,3,47,11
19/09/2026,3,56,12
19/09/2026,3,97,1
19/09/2026,3,97,3
19/09/2026,1,4,11
19/09/2026,1,81,15
19/09/2026,1,21,11
19/09/2026,1,82,10
19/09/2026,2,26,5
19/09/2026,2,88,2
19/09/2026,2,20,13
19/09/2026,3,47,7
19/09/2026,3,72,3
19/09/2026,3,55,9
19/09/2026,3,100,10
19/09/2026,3,100,10
19/09/2026,1,2,11
19/09/2026,1,64,14
19/09/2026,1,12,5
19/09/2026,1,10,9
19/09/2026,1,71,7
19/09/2026,1,7,8
19/09/2026,2,28,7
19/09/2026,3,62,4
19/09/2026,1,2,12
19/09/2026,1,10,12
19/09/2026,1,74,12
19/09/2026,1,59,8
19/09/2026,1,6,2
19/09/2026,2,96,11
19/09/2026,2,79,7
19/09/2026,2,22,7
19/09/2026,2,87,10
19/09/2026,3,42,9
19/09/2026,3,52,9
19/09/2026,1,14,13
19/09/2026,1,91,12
19/09/2026,2,34,3
19/09/2026,2,25,6
19/09/2026,2,90,14
19/09/2026,2,31,15
19/09/2026,2,78,13
19/09/2026,3,22,11
19/09/2026,3,40,10
20/09/2026,1,12,13
20/09/2026,1,67,14
20/09/2026,2,70,5
20/09/2026,2,38,15
20/09/2026,2,26,2
20/09/2026,2,39,2
20/09/2026,2,96,8
20/09/2026,2,23,4
20/09/2026,3,22,4
20/09/2026,3,75,12
20/09/2026,3,48,8
20/09/2026,1,82,8
20/09/2026,1,19,4
20/09/2026,1,64,13
20/09/2026,1,16,8
20/09/2026,1,21,1
20/09/2026,2,24,7
20/09/2026,2,20,12
20/09/2026,2,37,9
20/09/2026,2,68,8
20/09/2026,3,94,11
20/09/2026,3,55,1
20/09/2026,3,72,6
20/09/2026,3,40,7
20/09/2026,1,83,2
20/09/2026,1,91,7
20/09/2026,1,95,2
20/09/2026,1,8,10
20/09/2026,1,82,9
20/09/2026,2,39,7
20/09/2026,3,80,3
20/09/2026,3,23,4
20/09/2026,3,55,11
20/09/2026,3,42,7
20/09/2026,3,100,2
20/09/2026,1,13,8
20/09/2026,2,23,4
20/09/2026,2,32,9
20/09/2026,2,24,9
20/09/2026,3,99,7
20/09/2026,3,42,6
20/09/2026,3,60,8
20/09/2026,1,12,13
20/09/2026,1,21,10
20/09/2026,1,64,13
20/09/2026,1,17,12
20/09/2026,1,6,9
20/09/2026,1,11,2
20/09/2026,2,89,6
20/09/2026,2,33,13
20/09/2026,2,57,6
20/09/2026,3,85,14
20/09/2026,3,97,7
20/09/2026,3,44,13
20/09/2026,3,62,12
20/09/2026,3,40,12
20/09/2026,3,47,14
20/09/2026,1,11,9
20/09/2026,1,13,9
20/09/2026,1,81,2
20/09/2026,1,10,12
20/09/2026,1,63,10
20/09/2026,1,84,10
20/09/2026,2,78,7
20/09/2026,2,22,4
20/09/2026,2,27,2
20/09/2026,2,33,3
20/09/2026,2,89,12
20/09/2026,3,52,13
20/09/2026,3,67,4
20/09/2026,3,62,13
20/09/2026,3,55,7
20/09/2026,1,74,4
20/09/2026,1,74,11
20/09/2026,1,67,10
20/09/2026,1,2,11
20/09/2026,1,67,11
20/09/2026,1,63,9
20/09/2026,2,33,4
20/09/2026,2,29,10
20/09/2026,2,25,3
20/09/2026,3,62,9
21/09/2026,1,63,7
21/09/2026,1,84,3
21/09/2026,1,7,7
21/09/2026,2,96,6
21/09/2026,2,26,15
21/09/2026,2,26,9
21/09/2026,2,89,9
21/09/2026,2,33,14
21/09/2026,3,48,4
21/09/2026,3,62,4
21/09/2026,3,72,9
21/09/2026,3,25,9
21/09/2026,3,85,3
21/09/2026,3,98,3
21/09/2026,1,21,6
21/09/2026,1,18,10
21/09/2026,1,82,11
21/09/2026,2,35,10
21/09/2026,2,33,10
21/09/2026,2,29,6
21/09/2026,2,80,5
21/09/2026,3,54,7
21/09/2026,3,49,15
21/09/2026,1,4,3
21/09/2026,2,96,8
21/09/2026,2,87,8
21/09/2026,2,68,9
21/09/2026,2,23,13
21/09/2026,2,24,3
21/09/2026,2,27,4
21/09/2026,3,52,11
21/09/2026,1,1,7
21/09/2026,1,67,15
21/09/2026,2,38,11
21/09/2026,2,93,12
21/09/2026,2,87,8
21/09/2026,2,87,8
21/09/2026,2,69,14
21/09/2026,3,22,14
21/09/2026,3,51,12
21/09/2026,3,53,12
21/09/2026,3,58,15
21/09/2026,1,2,12
21/09/2026,1,13,2
21/09/2026,1,81,1
21/09/2026,1,9,4
21/09/2026,1,1,2
21/09/2026,1,63,8
21/09/2026,2,89,5
21/09/2026,2,20,7
21/09/2026,2,23,13
21/09/2026,3,61,9
21/09/2026,3,40,2
21/09/2026,3,100,12
21/09/2026,3,47,4
21/09/2026,1,84,8
21/09/2026,1,3,9
21/09/2026,1,83,2
21/09/2026,1,8,2
21/09/2026,1,4,14
21/09/2026,2,29,2
21/09/2026,3,49,13
21/09/2026,1,11,13
21/09/2026,1,14,4
21/09/2026,2,39,1
21/09/2026,2,70,15
21/09/2026,2,28,15
21/09/2026,2,33,14
21/09/2026,2,79,1
21/09/2026,2,68,5
21/09/2026,3,27,9
22/09/2026,1,38,8
22/09/2026,1,4,13
22/09/2026,1,9,1
22/09/2026,1,63,13
22/09/2026,1,3,11
22/09/2026,1,64,2
22/09/2026,2,31,12
22/09/2026,2,89,10
22/09/2026,2,69,5
22/09/2026,3,42,12
22/09/2026,3,86,14
22/09/2026,1,67,15
22/09/2026,1,82,15
22/09/2026,1,12,11
22/09/2026,1,84,7
22/09/2026,2,88,15
22/09/2026,2,38,12
22/09/2026,2,57,3
22/09/2026,3,99,8
22/09/2026,3,90,7
22/09/2026,1,81,14
22/09/2026,1,15,4
22/09/2026,1,3,10
22/09/2026,2,79,5
22/09/2026,2,39,9
22/09/2026,2,87,3
22/09/2026,3,44,8
22/09/2026,1,16,6
22/09/2026,1,1,5
22/09/2026,2,93,4
22/09/2026,2,22,3
22/09/2026,2,90,7
22/09/2026,2,28,2
22/09/2026,2,25,10
22/09/2026,3,23,7
22/09/2026,3,22,5
22/09/2026,3,60,9
22/09/2026,1,73,5
22/09/2026,2,69,9
22/09/2026,2,70,4
22/09/2026,2,89,1
22/09/2026,3,52,1
22/09/2026,3,62,8
22/09/2026,3,90,12
22/09/2026,3,52,13
22/09/2026,3,43,2
22/09/2026,1,91,9
22/09/2026,1,38,2
22/09/2026,2,28,12
22/09/2026,2,87,1
22/09/2026,3,53,10
22/09/2026,3,41,14
22/09/2026,3,48,13
22/09/2026,1,81,6
22/09/2026,1,11,5
22/09/2026,1,81,6
22/09/2026,2,37,9
22/09/2026,2,20,7
22/09/2026,2,57,14
22/09/2026,3,100,7
23/09/2026,1,64,8
23/09/2026,1,1,9
23/09/2026,1,82,2
23/09/2026,1,7,11
23/09/2026,2,79,6
23/09/2026,2,78,3
23/09/2026,2,89,1
23/09/2026,3,52,2
23/09/2026,3,53,6
23/09/2026,1,16,10
23/09/2026,1,1,3
23/09/2026,1,64,6
23/09/2026,1,9,7
23/09/2026,1,8,4
23/09/2026,2,28,9
23/09/2026,2,68,15
23/09/2026,2,90,9
23/09/2026,2,79,6
23/09/2026,2,39,4
23/09/2026,3,45,14
23/09/2026,3,94,11
23/09/2026,3,57,13
23/09/2026,3,40,14
23/09/2026,1,67,6
23/09/2026,1,6,12
23/09/2026,2,25,14
23/09/2026,2,30,2
23/09/2026,2,32,15
23/09/2026,2,89,3
23/09/2026,2,34,15
23/09/2026,2,89,14
23/09/2026,3,53,3
23/09/2026,3,47,8
23/09/2026,3,50,10
23/09/2026,3,22,14
23/09/2026,3,80,7
23/09/2026,1,74,2
23/09/2026,1,17,10
23/09/2026,1,3,11
23/09/2026,1,16,10
23/09/2026,1,13,12
23/09/2026,1,82,14
23/09/2026,2,28,6
23/09/2026,2,34,2
23/09/2026,3,94,2
23/09/2026,3,58,1
23/09/2026,3,47,3
23/09/2026,3,23,14
23/09/2026,3,97,13
23/09/2026,3,27,3
23/09/2026,1,67,12
23/09/2026,1,95,11
23/09/2026,1,15,8
23/09/2026,1,84,15
23/09/2026,1,10,1
23/09/2026,2,93,5
23/09/2026,2,34,4
23/09/2026,2,69,15
23/09/2026,3,20,8
23/09/2026,3,27,11
23/09/2026,1,38,2
23/09/2026,1,38,15
23/09/2026,1,8,1
23/09/2026,1,59,6
23/09/2026,1,57,9
23/09/2026,2,24,15
23/09/2026,2,57,4
23/09/2026,2,87,9
23/09/2026,2,78,14
23/09/2026,2,33,6
23/09/2026,3,60,5
23/09/2026,3,76,10
23/09/2026,3,46,10
23/09/2026,3,39,3
23/09/2026,3,72,13
23/09/2026,3,98,11
23/09/2026,1,3,6
23/09/2026,1,10,7
23/09/2026,1,7,3
23/09/2026,1,9,4
23/09/2026,1,93,9
23/09/2026,1,2,10
23/09/2026,2,20,11
23/09/2026,2,33,9
23/09/2026,2,90,4
23/09/2026,2,89,12
23/09/2026,3,27,1
23/09/2026,3,23,7
23/09/2026,3,60,1
24/09/2026,1,93,9
24/09/2026,1,8,13
24/09/2026,1,81,9
24/09/2026,1,84,14
24/09/2026,1,3,4
24/09/2026,2,27,7
24/09/2026,2,39,2
24/09/2026,2,20,12
24/09/2026,3,45,12
24/09/2026,3,72,14
24/09/2026,3,25,5
24/09/2026,1,7,9
24/09/2026,2,32,11
24/09/2026,2,38,9
24/09/2026,2,89,6
24/09/2026,2,24,5
24/09/2026,3,86,11
24/09/2026,3,45,12
24/09/2026,3,50,8
24/09/2026,3,80,14
24/09/2026,3,25,14
24/09/2026,3,97,1
24/09/2026,1,13,14
24/09/2026,1,57,11
24/09/2026,1,63,13
24/09/2026,1,9,12
24/09/2026,1,71,13
24/09/2026,1,59,15
24/09/2026,2,34,9
24/09/2026,3,86,8
24/09/2026,3,54,6
24/09/2026,3,72,5
24/09/2026,3,67,12
24/09/2026,3,41,12
24/09/2026,1,84,10
24/09/2026,2,80,13
24/09/2026,2,25,1
24/09/2026,2,36,15
24/09/2026,2,22,8
24/09/2026,2,33,2
24/09/2026,3,85,5
24/09/2026,3,57,12
24/09/2026,3,97,6
24/09/2026,3,39,10
24/09/2026,3,56,13
24/09/2026,1,14,9
24/09/2026,1,93,10
24/09/2026,1,73,9
24/09/2026,1,21,11
24/09/2026,1,71,1
24/09/2026,1,92,14
24/09/2026,2,30,5
24/09/2026,2,36,14
24/09/2026,2,57,11
24/09/2026,2,88,11
24/09/2026,2,69,1
24/09/2026,2,26,8
24/09/2026,3,100,7
24/09/2026,3,52,2
24/09/2026,3,20,9
24/09/2026,1,81,4
24/09/2026,1,74,3
24/09/2026,1,17,4
24/09/2026,2,20,11
24/09/2026,2,87,10
24/09/2026,2,31,3
24/09/2026,2,32,13
24/09/2026,2,89,7
24/09/2026,3,97,11
24/09/2026,1,2,2
24/09/2026,2,20,2
24/09/2026,3,49,6
24/09/2026,3,65,13
24/09/2026,3,77,8
24/09/2026,3,52,10
24/09/2026,3,90,13
25/09/2026,1,91,6
25/09/2026,1,4,11
25/09/2026,2,29,1
25/09/2026,2,93,9
25/09/2026,3,62,9
25/09/2026,1,11,2
25/09/2026,1,12,12
25/09/2026,1,13,14
25/09/2026,1,13,10
25/09/2026,1,5,13
25/09/2026,1,14,9
25/09/2026,2,25,7
25/09/2026,2,88,3
25/09/2026,2,20,1
25/09/2026,3,90,12
25/09/2026,1,73,2
25/09/2026,1,8,13
25/09/2026,1,11,4
25/09/2026,1,5,12
25/09/2026,1,6,4
25/09/2026,1,16,14
25/09/2026,2,88,10
25/09/2026,2,35,10
25/09/2026,2,36,9
25/09/2026,2,38,5
25/09/2026,2,28,13
25/09/2026,2,80,12
25/09/2026,3,52,15
25/09/2026,3,56,11
25/09/2026,3,99,4
25/09/2026,1,63,8
25/09/2026,2,34,13
25/09/2026,2,93,15
25/09/2026,2,22,4
25/09/2026,2,68,2
25/09/2026,2,87,14
25/09/2026,2,68,5
25/09/2026,3,47,5
25/09/2026,3,30,9
25/09/2026,3,54,2
25/09/2026,3,41,7
25/09/2026,3,39,5
25/09/2026,3,72,7
25/09/2026,1,95,6
25/09/2026,1,74,12
25/09/2026,1,74,9
25/09/2026,2,89,7
25/09/2026,2,39,4
25/09/2026,2,32,8
25/09/2026,2,38,11
25/09/2026,3,76,13
25/09/2026,3,65,10
25/09/2026,3,52,9
25/09/2026,3,25,11
25/09/2026,3,85,1
25/09/2026,3,90,14
25/09/2026,1,2,3
25/09/2026,1,5,2
25/09/2026,1,12,12
25/09/2026,1,8,8
25/09/2026,1,59,3
25/09/2026,1,7,4
25/09/2026,2,79,8
25/09/2026,2,28,13
25/09/2026,2,69,3
25/09/2026,3,54,4
25/09/2026,3,39,7
25/09/2026,3,50,14
25/09/2026,3,40,3
25/09/2026,1,91,4
25/09/2026,1,2,13
25/09/2026,2,96,11
25/09/2026,2,39,4
25/09/2026,2,24,4
25/09/2026,3,39,3
25/09/2026,3,58,12
25/09/2026,3,94,3
25/09/2026,3,97,8
26/09/2026,1,12,11
26/09/2026,2,25,13
26/09/2026,2,90,10
26/09/2026,2,68,12
26/09/2026,2,78,7
26/09/2026,2,80,10
26/09/2026,2,39,12
26/09/2026,3,46,8
26/09/2026,3,52,6
26/09/2026,3,100,9
26/09/2026,3,52,15
26/09/2026,1,91,11
26/09/2026,1,64,4
26/09/2026,1,6,4
26/09/2026,1,67,9
26/09/2026,1,73,12
26/09/2026,2,57,5
26/09/2026,2,20,13
26/09/2026,2,38,15
26/09/2026,2,89,1
26/09/2026,2,78,3
26/09/2026,2,68,9
26/09/2026,3,85,14
26/09/2026,3,85,2
26/09/2026,3,98,11
26/09/2026,1,91,14
26/09/2026,1,38,4
26/09/2026,1,5,3
26/09/2026,1,74,6
26/09/2026,1,57,7
26/09/2026,1,14,5
26/09/2026,2,39,9
26/09/2026,2,68,5
26/09/2026,3,44,1
26/09/2026,3,53,1
26/09/2026,3,56,12
26/09/2026,3,42,4
26/09/2026,3,88,13
26/09/2026,3,46,6
26/09/2026,1,1,8
26/09/2026,1,5,14
26/09/2026,2,26,15
26/09/2026,2,79,5
26/09/2026,2,24,15
26/09/2026,2,68,6
26/09/2026,2,26,1
26/09/2026,2,24,7
26/09/2026,3,94,6
26/09/2026,3,62,7
26/09/2026,3,39,9
26/09/2026,1,19,7
26/09/2026,2,57,6
26/09/2026,2,57,3
26/09/2026,2,36,14
26/09/2026,2,36,6
26/09/2026,2,93,12
26/09/2026,2,70,1
26/09/2026,3,23,7
26/09/2026,3,55,8
26/09/2026,3,43,15
26/09/2026,3,52,7
26/09/2026,1,6,5
26/09/2026,1,21,15
26/09/2026,1,67,13
26/09/2026,1,93,7
26/09/2026,1,13,13
26/09/2026,2,78,4
26/09/2026,2,20,5
26/09/2026,2,36,15
26/09/2026,2,90,2
26/09/2026,3,22,4
26/09/2026,3,88,3
26/09/2026,3,80,13
26/09/2026,3,100,11
26/09/2026,3,23,3
26/09/2026,1,64,8
26/09/2026,1,57,11
26/09/2026,1,1,5
26/09/2026,1,18,4
26/09/2026,2,25,12
26/09/2026,2,32,7
26/09/2026,2,29,1
26/09/2026,2,28,3
26/09/2026,2,68,2
26/09/2026,3,55,14
26/09/2026,3,88,11
26/09/2026,3,94,2
26/09/2026,3,40,13
26/09/2026,3,54,12
26/09/2026,3,100,12
27/09/2026,1,21,1
27/09/2026,2,29,10
27/09/2026,2,39,2
27/09/2026,2,90,9
27/09/2026,2,34,1
27/09/2026,2,87,15
27/09/2026,2,70,1
27/09/2026,3,60,7
27/09/2026,3,76,8
27/09/2026,3,72,4
27/09/2026,1,14,2
27/09/2026,1,57,15
27/09/2026,1,82,5
27/09/2026,1,38,9
27/09/2026,1,10,15
27/09/2026,2,36,3
27/09/2026,3,99,14
27/09/2026,3,45,9
27/09/2026,1,38,13
27/09/2026,1,10,15
27/09/2026,1,21,15
27/09/2026,1,74,10
27/09/2026,1,57,10
27/09/2026,2,30,6
27/09/2026,2,39,4
27/09/2026,2,34,6
27/09/2026,3,55,7
27/09/2026,3,43,4
27/09/2026,1,2,11
27/09/2026,1,57,6
27/09/2026,1,6,4
27/09/2026,2,31,10
27/09/2026,3,39,3
27/09/2026,3,80,6
27/09/2026,3,66,14
27/09/2026,3,42,13
27/09/2026,3,44,9
27/09/2026,1,10,2
27/09/2026,1,2,10
27/09/2026,1,93,15
27/09/2026,1,6,3
27/09/2026,2,26,8
27/09/2026,3,45,11
27/09/2026,1,95,1
27/09/2026,1,13,4
27/09/2026,1,6,4
27/09/2026,1,13,14
27/09/2026,1,84,3
27/09/2026,1,83,7
27/09/2026,2,29,5
27/09/2026,2,22,13
27/09/2026,2,30,5
27/09/2026,3,85,10
27/09/2026,1,21,4
27/09/2026,1,82,7
27/09/2026,2,30,10
27/09/2026,2,78,1
27/09/2026,2,28,2
27/09/2026,2,32,1
27/09/2026,2,36,9
27/09/2026,3,42,8
27/09/2026,3,57,13
27/09/2026,3,100,4
27/09/2026,3,27,5
28/09/2026,1,7,10
28/09/2026,1,3,1
28/09/2026,1,18,13
28/09/2026,1,59,7
28/09/2026,2,29,5
28/09/2026,2,31,9
28/09/2026,2,93,14
28/09/2026,2,20,12
28/09/2026,2,69,11
28/09/2026,3,23,12
28/09/2026,3,48,1
28/09/2026,3,100,6
28/09/2026,3,53,4
28/09/2026,1,95,4
28/09/2026,1,83,10
28/09/2026,1,91,2
28/09/2026,2,23,4
28/09/2026,3,90,7
28/09/2026,3,86,5
28/09/2026,3,53,12
28/09/2026,1,92,12
28/09/2026,1,71,1
28/09/2026,1,10,9
28/09/2026,1,3,11
28/09/2026,1,81,1
28/09/2026,1,81,15
28/09/2026,2,31,3
28/09/2026,3,85,1
28/09/2026,3,45,4
28/09/2026,3,27,1
28/09/2026,1,38,15
28/09/2026,1,73,8
28/09/2026,2,87,13
28/09/2026,2,38,11
28/09/2026,2,28,6
28/09/2026,2,68,7
28/09/2026,2,38,10
28/09/2026,2,25,4
28/09/2026,3,99,2
28/09/2026,3,94,6
28/09/2026,3,48,8
28/09/2026,3,42,3
28/09/2026,3,39,5
28/09/2026,3,23,10
28/09/2026,1,12,13
28/09/2026,1,21,1
28/09/2026,1,13,5
28/09/2026,1,7,12
28/09/2026,2,22,4
28/09/2026,2,87,3
28/09/2026,2,36,7
28/09/2026,2,39,12
28/09/2026,2,37,9
28/09/2026,2,87,3
28/09/2026,3,43,1
28/09/2026,3,57,8
28/09/2026,1,64,3
28/09/2026,1,91,5
28/09/2026,1,92,2
28/09/2026,2,79,15
28/09/2026,2,68,4
28/09/2026,2,87,2
28/09/2026,3,77,8
28/09/2026,3,22,11
28/09/2026,3,30,9
28/09/2026,1,4,5
28/09/2026,2,24,12
28/09/2026,2,32,9
28/09/2026,3,46,3
28/09/2026,3,43,14
29/09/2026,1,73,1
29/09/2026,1,9,1
29/09/2026,2,87,13
29/09/2026,2,27,4
29/09/2026,3,65,1
29/09/2026,1,59,1
29/09/2026,1,9,8
29/09/2026,1,18,14
29/09/2026,1,13,7
29/09/2026,1,18,11
29/09/2026,2,35,15
29/09/2026,2,34,13
29/09/2026,2,69,3
29/09/2026,2,24,15
29/09/2026,3,77,12
29/09/2026,3,55,9
29/09/2026,3,66,9
29/09/2026,3,55,4
29/09/2026,1,92,10
29/09/2026,1,6,5
29/09/2026,2,69,6
29/09/2026,2,31,11
29/09/2026,2,96,7
29/09/2026,2,90,1
29/09/2026,2,70,12
29/09/2026,2,30,12
29/09/2026,3,97,13
29/09/2026,3,23,11
29/09/2026,3,76,12
29/09/2026,3,100,7
29/09/2026,3,53,7
29/09/2026,1,3,12
29/09/2026,1,21,14
29/09/2026,1,92,11
29/09/2026,1,19,6
29/09/2026,2,31,12
29/09/2026,2,90,12
29/09/2026,2,80,14
29/09/2026,3,25,9
29/09/2026,3,42,3
29/09/2026,3,43,11
29/09/2026,3,40,4
29/09/2026,3,45,4
29/09/2026,3,85,14
29/09/2026,1,82,2
29/09/2026,1,3,10
29/09/2026,1,10,10
29/09/2026,1,92,5
29/09/2026,1,67,1
29/09/2026,2,57,9
29/09/2026,2,25,15
29/09/2026,2,20,15
29/09/2026,3,52,14
29/09/2026,3,100,15
29/09/2026,3,50,3
29/09/2026,3,56,5
29/09/2026,1,82,9
29/09/2026,1,81,9
29/09/2026,2,70,11
29/09/2026,2,90,12
29/09/2026,2,93,10
29/09/2026,2,31,2
29/09/2026,2,80,6
29/09/2026,2,70,10
29/09/2026,3,48,4
29/09/2026,3,49,4
29/09/2026,3,30,12
29/09/2026,3,98,4
29/09/2026,3,48,5
29/09/2026,1,16,4
29/09/2026,2,29,12
29/09/2026,3,51,1
30/09/2026,1,3,9
30/09/2026,2,33,1
30/09/2026,2,20,6
30/09/2026,2,33,3
30/09/2026,2,22,14
30/09/2026,3,86,3
30/09/2026,3,48,6
30/09/2026,3,50,8
30/09/2026,1,95,13
30/09/2026,1,84,7
30/09/2026,2,37,13
30/09/2026,2,78,8
30/09/2026,2,79,11
30/09/2026,2,57,2
30/09/2026,2,68,11
30/09/2026,2,33,2
30/09/2026,3,57,10
30/09/2026,3,94,13
30/09/2026,3,41,1
30/09/2026,3,97,14
30/09/2026,1,5,9
30/09/2026,1,83,5
30/09/2026,1,83,15
30/09/2026,1,92,1
30/09/2026,1,7,14
30/09/2026,2,79,3
30/09/2026,3,49,1
30/09/2026,3,53,15
30/09/2026,3,75,15
30/09/2026,3,60,2
30/09/2026,3,43,7
30/09/2026,1,73,12
30/09/2026,1,93,10
30/09/2026,1,38,8
30/09/2026,1,92,6
30/09/2026,1,9,2
30/09/2026,1,81,11
30/09/2026,2,29,4
30/09/2026,2,25,8
30/09/2026,2,30,7
30/09/2026,3,48,10
30/09/2026,3,100,13
30/09/2026,3,88,2
30/09/2026,1,10,15
30/09/2026,2,34,3
30/09/2026,3,25,12
30/09/2026,3,75,13
30/09/2026,3,22,8
30/09/2026,3,67,6
30/09/2026,3,86,6
30/09/2026,1,95,9
30/09/2026,1,84,3
30/09/2026,1,16,8
30/09/2026,2,68,8
30/09/2026,2,33,15
30/09/2026,2,80,14
30/09/2026,2,22,3
30/09/2026,2,80,6
30/09/2026,2,96,13
30/09/2026,3,40,12
30/09/2026,3,65,7
30/09/2026,3,76,11
30/09/2026,3,49,10
30/09/2026,3,56,3
30/09/2026,3,86,9
30/09/2026,1,18,14
30/09/2026,1,5,8
30/09/2026,2,23,13
30/09/2026,2,34,5
30/09/2026,3,46,12
30/09/2026,3,86,2
30/09/2026,3,65,10
30/09/2026,3,90,11
30/09/2026,3,77,15
30/09/2026,3,56,8
01/10/2026,1,7,6
01/10/2026,2,36,13
01/10/2026,2,32,2
01/10/2026,2,24,4
01/10/2026,2,70,6
01/10/2026,2,39,7
01/10/2026,2,88,7
01/10/2026,3,65,8
01/10/2026,3,39,1
01/10/2026,3,72,1
01/10/2026,3,51,3
01/10/2026,1,95,2
01/10/2026,1,18,15
01/10/2026,1,71,8
01/10/2026,1,67,3
01/10/2026,1,67,7
01/10/2026,1,93,6
01/10/2026,2,88,11
01/10/2026,3,30,5
01/10/2026,3,41,14
01/10/2026,1,1,2
01/10/2026,1,8,10
01/10/2026,1,19,13
01/10/2026,1,15,4
01/10/2026,1,9,7
01/10/2026,1,13,13
01/10/2026,2,70,5
01/10/2026,2,96,13
01/10/2026,2,32,8
01/10/2026,2,34,15
01/10/2026,3,85,4
01/10/2026,3,43,1
01/10/2026,3,90,9
01/10/2026,3,90,4
01/10/2026,3,39,5
01/10/2026,3,48,14
01/10/2026,1,13,2
01/10/2026,2,78,14
01/10/2026,2,35,3
01/10/2026,2,32,3
01/10/2026,2,29,15
01/10/2026,3,94,3
01/10/2026,3,47,8
01/10/2026,3,76,15
01/10/2026,3,88,8
01/10/2026,3,30,15
01/10/2026,3,99,7
01/10/2026,1,9,6
01/10/2026,1,92,6
01/10/2026,1,84,10
01/10/2026,1,63,13
01/10/2026,1,59,5
01/10/2026,1,5,10
01/10/2026,2,38,12
01/10/2026,2,70,15
01/10/2026,3,20,1
01/10/2026,3,54,14
01/10/2026,3,53,14
01/10/2026,1,11,2
01/10/2026,1,38,11
01/10/2026,2,26,11
01/10/2026,2,93,15
01/10/2026,3,22,4
01/10/2026,3,80,13
01/10/2026,3,20,1
01/10/2026,3,41,11
01/10/2026,3,100,7
01/10/2026,1,10,2
01/10/2026,1,93,5
01/10/2026,2,89,9
01/10/2026,2,90,15
01/10/2026,2,90,13
01/10/2026,2,27,1
01/10/2026,3,61,1
01/10/2026,3,42,7
01/10/2026,3,44,10
01/10/2026,3,20,2
01/10/2026,3,45,11
01/10/2026,3,46,5
02/10/2026,1,4,14
02/10/2026,1,15,4
02/10/2026,2,25,12
02/10/2026,3,76,4
02/10/2026,3,100,5
02/10/2026,3,62,2
02/10/2026,3,44,12
02/10/2026,3,30,11
02/10/2026,3,61,15